-- MySQL dump 10.13  Distrib 5.5.41, for debian-linux-gnu (x86_64)
--
-- Host: localhost    Database: vbox
-- ------------------------------------------------------
-- Server version	5.5.41-0ubuntu0.14.04.1

/*!40101 SET @OLD_CHARACTER_SET_CLIENT=@@CHARACTER_SET_CLIENT */;
/*!40101 SET @OLD_CHARACTER_SET_RESULTS=@@CHARACTER_SET_RESULTS */;
/*!40101 SET @OLD_COLLATION_CONNECTION=@@COLLATION_CONNECTION */;
/*!40101 SET NAMES utf8 */;
/*!40103 SET @OLD_TIME_ZONE=@@TIME_ZONE */;
/*!40103 SET TIME_ZONE='+00:00' */;
/*!40014 SET @OLD_UNIQUE_CHECKS=@@UNIQUE_CHECKS, UNIQUE_CHECKS=0 */;
/*!40014 SET @OLD_FOREIGN_KEY_CHECKS=@@FOREIGN_KEY_CHECKS, FOREIGN_KEY_CHECKS=0 */;
/*!40101 SET @OLD_SQL_MODE=@@SQL_MODE, SQL_MODE='NO_AUTO_VALUE_ON_ZERO' */;
/*!40111 SET @OLD_SQL_NOTES=@@SQL_NOTES, SQL_NOTES=0 */;

--
-- Table structure for table `accounts`
--

DROP TABLE IF EXISTS `accounts`;
/*!40101 SET @saved_cs_client     = @@character_set_client */;
/*!40101 SET character_set_client = utf8 */;
CREATE TABLE `accounts` (
  `id` bigint(20) unsigned NOT NULL AUTO_INCREMENT,
  `first_name` varchar(60) DEFAULT NULL,
  `last_name` varchar(60) DEFAULT NULL,
  `full_name` varchar(200) NOT NULL,
  `email` varchar(100) NOT NULL,
  `contact_number` varchar(20) DEFAULT NULL,
  `password` varchar(64) NOT NULL DEFAULT '',
  `gender` varchar(10) NOT NULL DEFAULT '',
  `activated` int(11) NOT NULL DEFAULT '0',
  `country_short` varchar(10) DEFAULT NULL,
  `country_long` varchar(100) DEFAULT NULL,
  `locality_short` varchar(10) DEFAULT NULL,
  `locality_long` varchar(100) DEFAULT NULL,
  `administrative_area_level_1_short` varchar(10) DEFAULT NULL,
  `administrative_area_level_1_long` varchar(100) DEFAULT NULL,
  `administrative_area_level_2_short` varchar(10) DEFAULT NULL,
  `administrative_area_level_2_long` varchar(100) DEFAULT NULL,
  `session` varchar(100) DEFAULT NULL,
  `formatted_address` varchar(1000) DEFAULT NULL,
  `avatar` varchar(255) DEFAULT 'no-profile.png',
  `online` int(4) NOT NULL,
  `ad_funds` varchar(300) NOT NULL,
  PRIMARY KEY (`id`)
) ENGINE=InnoDB AUTO_INCREMENT=44 DEFAULT CHARSET=latin1;
/*!40101 SET character_set_client = @saved_cs_client */;

--
-- Dumping data for table `accounts`
--

LOCK TABLES `accounts` WRITE;
/*!40000 ALTER TABLE `accounts` DISABLE KEYS */;
INSERT INTO `accounts` VALUES (3,'Muhammad','Ashfaq','','leoash842@hotmail.com','3147574731','7c4a8d09ca3762af61e59520943dc26494f8941b','male',1,'US','United States','SF','San Francisco','CA','California','San Franci','San Francisco County','97c394d530fdb9656d4870121e8dd0e9','San Francisco, CA, USA','8b87f2c6560a2e2f0667b7cfa9eb3594.jpg',0,''),(5,'Ash','Makk','','makk4@hotmail.co.uk','3147574731','7c4a8d09ca3762af61e59520943dc26494f8941b','male',1,'US','United States','LA','Los Angeles','CA','California','Los Angele','Los Angeles County','6bcecb938ae053e615032b3671b2b820','Los Angeles, CA, USA','d415084cea3dc3618907dcaabb9d3503.jpg',0,''),(6,'Deb','Jones','','deb17276@yahoo.com','987654321','dd2a5114694b5ab373a380ab846f0d18774a24ab','female',1,'US','United States','Madison','Madison','AL','Alabama','Madison Co','Madison County','b02e1cf0f7de2a30e0a023ffb2879d3b','305 Intergraph Way, Madison, AL 35758, USA','529bbcd48177f8319ac5b68e45789bae.jpg',0,''),(7,'Deb2','Jones2','','deb17276@gmail.com','deb17276@gmail.com','dd2a5114694b5ab373a380ab846f0d18774a24ab','female',1,'US','United States','NY','New York','NY','New York',NULL,NULL,NULL,'New York, NY, USA','667f459dac800bf45c93d00384a494c6.jpg',0,''),(8,'M','A','','makk042@gmail.com','3147574731','7f11b9d2dde53996560e3714eea7314ac248b6d7','male',1,'US','United States','SF','San Francisco','CA','California','San Franci','San Francisco County',NULL,'San Francisco, CA, USA','53a51101448ae9c9d58f49e6fa069224.jpg',0,''),(9,'Muhammad Ali','Rafiq','','ali.almaas@gmail.com','03212830181','40c97d4cba7535abb1d15239a5a235356e219870','male',1,NULL,NULL,NULL,NULL,NULL,NULL,NULL,NULL,NULL,NULL,'610d91196b47de9ee65471ba02b07043.jpg',0,''),(10,'ad','212','','otvoghzf@sharklasers.com','1111','6216f8a75fd5bb3d5f22b6f9958cdede3fc086c2','female',1,'TH','Thái Lan',NULL,NULL,NULL,NULL,NULL,NULL,'21e7b617db2f68533ef8ac583f50bc87','11120, Thái Lan','no-profile.png',0,''),(11,'ali','raf','','mali_rafiq@hotmai.com','0','40c97d4cba7535abb1d15239a5a235356e219870','male',1,'PK','Pakistan','Karachi','Karachi','Sindh','Sindh','Karachi Di','Karachi District','426f1fabbe0d9f9833b0383d8930e9b1','Karachi, Pakistan','no-profile.png',0,''),(12,'ali','rafiq','','mali_rafiq@hotmail.com','0321','40c97d4cba7535abb1d15239a5a235356e219870','male',1,'PK','Pakistan','Karachi','Karachi','Sindh','Sindh','Karachi Di','Karachi District','508e8d2f205bc4380679408189a35fc2','Karachi, Pakistan','no-profile.png',0,''),(13,'zeeshan','raza','','zeeshan.raza728@gmail.com','webxity123','00e2b207293e0c3d6f91ea46fd11a761cbe69e97','male',1,NULL,NULL,NULL,NULL,NULL,NULL,NULL,NULL,'3571d6cae6a58c13ebbe2cf2b0cce468',NULL,'no-profile.png',0,''),(14,'gaurav ','handa','','gaggy_handa@yahoo.com','9914862881','7d18d376761eb7c05a34bf80793255b6fa1b0f19','male',1,NULL,NULL,NULL,NULL,NULL,NULL,NULL,NULL,NULL,NULL,'no-profile.png',0,''),(15,'ash ','K','','ash_leopk@yahoo.com','12345678','7c4a8d09ca3762af61e59520943dc26494f8941b','male',1,NULL,NULL,NULL,NULL,NULL,NULL,NULL,NULL,NULL,NULL,'no-profile.png',0,''),(16,'Shreyas','Gandhi','','shreyas.gandhi@plusaim.com','123456','7c4a8d09ca3762af61e59520943dc26494f8941b','male',1,NULL,NULL,NULL,NULL,NULL,NULL,NULL,NULL,'671873f62fd25512a0f4aa92ac62b9bb',NULL,'no-profile.png',0,''),(17,'Anu','Agrawal','','anubhutia@neuronsolutions.com','8962480280','7288edd0fc3ffcbe93a0cf06e3568e28521687bc','female',1,NULL,NULL,NULL,NULL,NULL,NULL,NULL,NULL,NULL,NULL,'no-profile.png',0,''),(18,'saumya','srivastava','','saumyas@neuronsolutions.com','8962480280','7288edd0fc3ffcbe93a0cf06e3568e28521687bc','female',1,NULL,NULL,NULL,NULL,NULL,NULL,NULL,NULL,NULL,NULL,'no-profile.png',0,''),(19,'Vidhi','Garg','','vidhig@neuronsolutions.com','8962480280','7288edd0fc3ffcbe93a0cf06e3568e28521687bc','female',1,NULL,NULL,NULL,NULL,NULL,NULL,NULL,NULL,NULL,NULL,'no-profile.png',0,''),(20,'deepak','pandey','','deepakp@neuronsolutions.com','8602875253','b1b3773a05c0ed0176787a4f1574ff0075f7521e','male',1,NULL,NULL,NULL,NULL,NULL,NULL,NULL,NULL,'be775b88718e32e287d18bba86fbdbdd',NULL,'no-profile.png',0,''),(21,'jordan','rathore','','neuronmobileteam@gmail.com','test123','7288edd0fc3ffcbe93a0cf06e3568e28521687bc','male',1,NULL,NULL,NULL,NULL,NULL,NULL,NULL,NULL,'77c4308e075eca3026b5ed834a5faa09',NULL,'no-profile.png',0,''),(22,'Avani ','Agrawal','','avania@neuronsolutions.com','9879879879','7288edd0fc3ffcbe93a0cf06e3568e28521687bc','female',1,NULL,NULL,NULL,NULL,NULL,NULL,NULL,NULL,'54e81f228989f5dc6428e51a612b6371',NULL,'no-profile.png',0,''),(23,'Chena','singh','','vinodwedhera@gmail.com','123456','d03c06189c7f04c411a7bacaccdbc555def26c30','male',1,NULL,NULL,NULL,NULL,NULL,NULL,NULL,NULL,NULL,NULL,'fbb63d370d05b19cb1092ca2d26ebc7f.jpeg',0,''),(24,'Mohammad','Sayeed','','mohd.sayeed@udaantechnologies.com','567890','e10e5425bc06d4b4759f5b4801ddf7f7e41444f7','male',1,'US','United States','Chgo','Chicago','IL','Illinois','Cook Count','Cook County','1491c290e7f07d0d27f2842cad6648b2','Chicago, IL, USA','45df234a8826ac983dd4cf0ba47791e1.jpg',0,''),(25,'vipul','gupta','','vipul.gupta@udaantechnologies.com','9540006487','f7c3bc1d808e04732adf679965ccc34ca7ae3441','male',1,'US','United States','D.C.','Washington','DC','District of Columbia',NULL,NULL,NULL,'New York Ave NW, Washington, DC, USA','45df234a8826ac983dd4cf0ba47791e1.jpg',1,''),(26,'Arun','kesharwani','','arun.kesharwani@udaantechnologies.com','9578457896','7c4a8d09ca3762af61e59520943dc26494f8941b','male',1,'IN','India','Allahabad','Allahabad','UP','Uttar Pradesh','Allahabad','Allahabad',NULL,'Allahabad, Uttar Pradesh, India','no-profile.png',0,''),(27,'Arun','kesharwani','','arun.kesarwani@udaantechnologies.com','7894561234','7c4a8d09ca3762af61e59520943dc26494f8941b','male',1,'IN','India','Allahabad','Allahabad','UP','Uttar Pradesh','Allahabad','Allahabad',NULL,'Allahabad, Uttar Pradesh, India','no-profile.png',0,''),(28,'hg','fg','','gfdg@gmail.com','dfdsfdsfdf','5aeca126731327790c9710f82a505759ae6163e7','male',1,NULL,NULL,NULL,NULL,NULL,NULL,NULL,NULL,NULL,NULL,'no-profile.png',0,''),(29,'Tuong','Tran','','tuong.tran@outlook.com','111111','3d4f2bf07dc1be38b20cd6e46949a1071f9d0e3d','male',1,'US','Hoa K?','NY','Thành ph? New York','NY','Ti?u bang New York',NULL,NULL,NULL,'Brooklyn, Ti?u bang New York 11211, Hoa K?','no-profile.png',0,''),(30,'Tran','Tuong','','rander.ht@gmail.com','111111','3d4f2bf07dc1be38b20cd6e46949a1071f9d0e3d','male',1,'TH','Thái Lan','Bangkok','Bangkok','Bangkok','Bangkok',NULL,NULL,'9654d6c2efb277d8013b28d7dc1b127c','Bangkok 10110, Thái Lan','no-profile.png',0,''),(31,'sdfdsfsd','fsd','','sfd@sfd.gdf','24332453245','48058e0c99bf7d689ce71c360699a14ce2f99774','male',1,NULL,NULL,NULL,NULL,NULL,NULL,NULL,NULL,NULL,NULL,'no-profile.png',0,''),(32,'dfgdd','dsffgdf','','dfggdf@gdf.hgf','dfgdfgdfg','eab776d1497338407c2013d0c01a7af8ce4763e6','male',1,NULL,NULL,NULL,NULL,NULL,NULL,NULL,NULL,NULL,NULL,'no-profile.png',0,''),(33,'ibraheem','sadiq','','ibraheemsadiq22@gmailcom','+923153878989','763c70610c685126758d74b251b302ba3289a49a','male',1,NULL,NULL,NULL,NULL,NULL,NULL,NULL,NULL,NULL,NULL,'no-profile.png',0,''),(34,'mmmmm','aaaaaaaaa','','livevbox4@gmail.com','123456789','7c4a8d09ca3762af61e59520943dc26494f8941b','male',1,NULL,NULL,NULL,NULL,NULL,NULL,NULL,NULL,NULL,NULL,'no-profile.png',0,''),(35,'Qasim','Zubair','','babarkhan7311@gmail.com','0000000111111','0138024e673650fbe1204877f44251f9f1ec4ce7','male',1,NULL,NULL,NULL,NULL,NULL,NULL,NULL,NULL,'7fa0f73c36f498e937773c65aeadbe55',NULL,'711980f71285f34dc93c50bc4071de89.jpg',0,'380'),(36,'ibraheem','sadiq','','ibraheemsadiq22@gmail.com','+921334433234','62a18c2f9eac3a09c09ddef1fb17673090eec3eb','male',1,NULL,NULL,NULL,NULL,NULL,NULL,NULL,NULL,NULL,NULL,'no-profile.png',0,''),(37,'fahad','saad','','ibraheemsadiq@gmail.com','+923153878989','763c70610c685126758d74b251b302ba3289a49a','male',1,NULL,NULL,NULL,NULL,NULL,NULL,NULL,NULL,'f0b61b4eeabbd1a87db65ae053247db3',NULL,'no-profile.png',0,''),(38,'Muhammad','Ashfaq','','','100-200-1900','','male',1,'US','United States','SF','San Francisco','CA','California','San Franci','San Francisco County',NULL,'San Francisco, CA, USA','no-profile.png',0,''),(39,'Ash','leo','','mashfaqleo@gmail.com','3147574731','7c4a8d09ca3762af61e59520943dc26494f8941b','male',1,'US','United States','Ballwin','Ballwin','MO','Missouri','St Louis C','St. Louis County','2b7a9a4f057fec8741e2e0999d143c17','Ballwin, MO, USA','no-profile.png',0,''),(40,'????????','??????','','kek@kek.ru','???????','6e87b376723eb44d13796592b03e0f9424446067','male',1,NULL,NULL,NULL,NULL,NULL,NULL,NULL,NULL,NULL,NULL,'no-profile.png',0,''),(41,'Kshitiz','Saxena','','ksaxena837@gmail.com','+91-9953464233','f86d25f67a8151b1b1b3cb86b248aea95078ec0c','male',1,'IN','India',NULL,NULL,NULL,NULL,NULL,NULL,'b7ce0525cb52834a052cd770a53aed98','India','no-profile.png',0,''),(42,'Mayur','k','','mayur4monto@gmail.com','9825928206','103cd38fd4f7a442860869ae9674d9a7d03c2195','male',1,'IN','India','Surat','Surat','GJ','Gujarat','Surat','Surat','7dbb60c26b68b5639f591370e586d2c9','Surat, Gujarat, India','no-profile.png',0,''),(43,'Marker','John','','marker@gmail.com','0900123','f99f4975f6ddea711b218a6006e86e9115de7487','male',0,'DE','Germany','Berlin','Berlin','Berlin','Berlin','Sargodha','Sargodha','97bff47223344b14a7ffb81b0a5da231','Berlin, Germany','no-profile.png',0,'');
/*!40000 ALTER TABLE `accounts` ENABLE KEYS */;
UNLOCK TABLES;

--
-- Table structure for table `ad_comments`
--

DROP TABLE IF EXISTS `ad_comments`;
/*!40101 SET @saved_cs_client     = @@character_set_client */;
/*!40101 SET character_set_client = utf8 */;
CREATE TABLE `ad_comments` (
  `id` bigint(20) unsigned NOT NULL AUTO_INCREMENT,
  `author` bigint(20) unsigned NOT NULL,
  `message` varchar(1000) DEFAULT NULL,
  `ad` varchar(100) DEFAULT NULL,
  `time` varchar(255) DEFAULT NULL,
  PRIMARY KEY (`id`)
) ENGINE=InnoDB AUTO_INCREMENT=35 DEFAULT CHARSET=latin1;
/*!40101 SET character_set_client = @saved_cs_client */;

--
-- Dumping data for table `ad_comments`
--

LOCK TABLES `ad_comments` WRITE;
/*!40000 ALTER TABLE `ad_comments` DISABLE KEYS */;
INSERT INTO `ad_comments` VALUES (1,3,'Amazing car','i7r8ksyz','0000-00-00 00:00:00'),(2,6,'Test Comment for this ads','i89bo5k2','0000-00-00 00:00:00'),(3,9,'hello','i97ftyw2','0000-00-00 00:00:00'),(4,9,'hello','i97ftyw2','0000-00-00 00:00:00'),(5,3,'nice home','i8cphfzj','0000-00-00 00:00:00'),(6,3,'ok','i8cphfzj','0000-00-00 00:00:00'),(7,10,'sad','i7wcwlmt','0000-00-00 00:00:00'),(8,10,'sad','i7wcwlmt','0000-00-00 00:00:00'),(9,10,'sad','i7wcwlmt','0000-00-00 00:00:00'),(10,10,'sad','i7wcwlmt','0000-00-00 00:00:00'),(11,10,'sad','i7wcwlmt','0000-00-00 00:00:00'),(12,10,'sad','i7wcwlmt','0000-00-00 00:00:00'),(13,10,'sad','i7wcwlmt','0000-00-00 00:00:00'),(14,10,'sad','i7wcwlmt','0000-00-00 00:00:00'),(15,10,'sad','i7wcwlmt','0000-00-00 00:00:00'),(16,3,'hi','iceozcon','0000-00-00 00:00:00'),(17,3,'hi','iceozcon','0000-00-00 00:00:00'),(18,3,'hi','iceozcon','0000-00-00 00:00:00'),(19,3,'hi','iceozcon','0000-00-00 00:00:00'),(20,3,'hi','iceozcon','0000-00-00 00:00:00'),(21,3,'hi','iceozcon','0000-00-00 00:00:00'),(22,3,'hi','iceozcon','0000-00-00 00:00:00'),(23,3,'hi','iceozcon','0000-00-00 00:00:00'),(24,3,'hi','iceozcon','0000-00-00 00:00:00'),(25,25,'Testing.','ie5a235r','0000-00-00 00:00:00'),(26,24,'Test','i7wcwlmt','0000-00-00 00:00:00'),(27,24,'Mohammad Sayeed','i7wcwlmt','1441697012757'),(28,3,'hello','i7wcwlmt','1441784186384'),(29,25,'hello,,','i7wcwlmt','1442235935674'),(30,25,'hello','i7wcwlmt','1442399390475'),(31,3,'testing','ie5a235r','1442615642767'),(32,3,'nice car','i8ajzffw','1442881219467'),(33,3,'nice home','ie5a235r','1442924590676'),(34,36,'uui\r\n','iceozcon','1444683569447');
/*!40000 ALTER TABLE `ad_comments` ENABLE KEYS */;
UNLOCK TABLES;

--
-- Table structure for table `ad_fields`
--

DROP TABLE IF EXISTS `ad_fields`;
/*!40101 SET @saved_cs_client     = @@character_set_client */;
/*!40101 SET character_set_client = utf8 */;
CREATE TABLE `ad_fields` (
  `id` varchar(100) NOT NULL DEFAULT '',
  `name` varchar(100) DEFAULT NULL,
  `value` varchar(300) DEFAULT NULL,
  `ad` varchar(100) DEFAULT NULL,
  PRIMARY KEY (`id`)
) ENGINE=InnoDB DEFAULT CHARSET=latin1;
/*!40101 SET character_set_client = @saved_cs_client */;

--
-- Dumping data for table `ad_fields`
--

LOCK TABLES `ad_fields` WRITE;
/*!40000 ALTER TABLE `ad_fields` DISABLE KEYS */;
INSERT INTO `ad_fields` VALUES ('i7jeypem','brand','0','i7jeypel'),('i7jeypen','body_type','0','i7jeypel'),('i7jeypeo','transmission','0','i7jeypel'),('i7jeypep','fuel_type','0','i7jeypel'),('i8ajzffx','brand','Other Brand','i8ajzffw'),('i8ajzffy','body_type','4 Door Saloon','i8ajzffw'),('i8ajzffz','transmission','Automatic','i8ajzffw'),('i8ajzfg0','fuel_type','Other fuel type','i8ajzffw'),('i8ajzfg1','model_year','2015','i8ajzffw'),('i8ajzfg2','engine_capacity','electric','i8ajzffw'),('i8ajzfg3','mileage','1000','i8ajzffw'),('i8cotxfm','brand','Other Brand','i8cotxfl'),('i8cotxfn','body_type','0','i8cotxfl'),('i8cotxfo','transmission','Automatic','i8cotxfl'),('i8cotxfp','fuel_type','Petrol','i8cotxfl'),('i8cotxfq','model_year','2015','i8cotxfl'),('i8cotxfr','engine_capacity','4000','i8cotxfl'),('i8cotxfs','mileage','1000','i8cotxfl'),('i8gjp0e5','sub_category','Clothes & Shoes','i8gjp0e4'),('i9f7gkaa','accessories_type','Computers','i97ftyw2'),('i9ihc3br','brand','Alfa Romeo','i9ihc3bq'),('i9ihc3bs','body_type','4 Door Saloon','i9ihc3bq'),('i9ihc3bt','transmission','Manual','i9ihc3bq'),('i9ihc3bu','fuel_type','Diesel','i9ihc3bq'),('i9ihc3bv','model_year','2004','i9ihc3bq'),('i9ihc3bw','engine_capacity','6','i9ihc3bq'),('i9ihc3bx','mileage','50000','i9ihc3bq'),('i9ij0zky','brand','Alfa Romeo','i9ij0zkw'),('i9ij0zkz','body_type','4 Door Saloon','i9ij0zkw'),('i9ij0zl0','transmission','Manual','i9ij0zkw'),('i9ij0zl1','fuel_type','Diesel','i9ij0zkw'),('i9ij0zl2','model_year','2004','i9ij0zkw'),('i9ij0zl3','engine_capacity','6','i9ij0zkw'),('i9ij0zl4','mileage','50000','i9ij0zkw'),('i9maj8ci','accessories_type','Laptops & iPads','i97ctuix'),('i9mbh7um','brand','Mercedes-Benz','i9kdshwa'),('i9mbh7un','body_type','4 Door Saloon','i9kdshwa'),('i9mbh7uo','transmission','Automatic','i9kdshwa'),('i9mbh7up','fuel_type','Petrol','i9kdshwa'),('i9mbh7v0','model_year','2015','i9kdshwa'),('i9mbh7v1','engine_capacity','3000','i9kdshwa'),('i9mbh7v2','mileage','1000','i9kdshwa'),('i9qrz7u0','accessories_type','Video Games & Consoles','i97nclnj'),('i9qs1j6a','address','1012 atherton st','i8cphfzj'),('i9qs1j6b','size_unit','Sq Foot','i8cphfzj'),('iceozcoo','brand','Audi','iceozcon'),('iceozcop','body_type','2 Door Saloon','iceozcon'),('iceozcoq','transmission','Manual','iceozcon'),('iceozcor','fuel_type','Diesel','iceozcon'),('iceozcos','model_year','2010','iceozcon'),('iceozcot','engine_capacity','1212','iceozcon'),('iceozcou','mileage','10','iceozcon'),('ienqv8ni','model_year','123','ienqv8nh'),('ienqv8nl','mileage','123','ienqv8nh'),('iepxmrd5','mobile_brand','Apple','ieozakb1'),('iewmlivk','model_year','2025','iee3qzyl'),('iewmlivn','mileage','20','iee3qzyl'),('iewmn8cu','mobile_brand','Acer','iefo96ki'),('iewmqsea','address','b-1987','ie5a235r'),('iewmqseb','no._bedrooms','4','ie5a235r'),('iewmqsec','no._bathrooms','2','ie5a235r'),('iewmqsed','size','258','ie5a235r'),('iewmqsee','size_unit','Sq Meter','ie5a235r'),('iewp0wnc','sub_category','0','iecfv26p'),('iewp1dfl','brand','0','i7wcwlmt'),('iewp1dfm','body_type','0','i7wcwlmt'),('iewp1dfn','transmission','0','i7wcwlmt'),('iewp1dfo','fuel_type','0','i7wcwlmt'),('iewp4rr0','mobile_brand','Motorola','iefir2k6'),('iewq2lsh','address','USA','iecr6ow6'),('iewq2lsi','no._bedrooms','5','iecr6ow6'),('iewq2lsj','no._bathrooms','5','iecr6ow6'),('iewq2lsk','size','5','iecr6ow6'),('iewq2lsl','size_unit','Sq Meter','iecr6ow6'),('iewsffrs','mobile_brand','Nokia','iewsffrq'),('iewt4q6g','mobile_brand','Nokia','iewsjm4z'),('if75et26','sub_category','0','if75et25'),('ig8f8ndk','brand','Mercedes-Benz','ig8f8ndj'),('ig8f8ndl','body_type','4 Door Saloon','ig8f8ndj'),('ig8f8ndm','transmission','Automatic','ig8f8ndj'),('ig8f8ndn','fuel_type','Petrol','ig8f8ndj'),('ig8f8ndo','model_year','2015','ig8f8ndj'),('ig8f8ndp','engine_capacity','3000','ig8f8ndj'),('ig8f8ndq','mileage','10000','ig8f8ndj'),('igopo8op','brand','Cadillac','igopo8oo'),('igopo8oq','body_type','Saloon','igopo8oo'),('igopo8or','transmission','Manual','igopo8oo'),('igopo8os','fuel_type','Petrol','igopo8oo'),('ihizu4j2','brand','Audi','ienr4iec'),('ihizu4j3','body_type','2 Door Saloon','ienr4iec'),('ihizu4j4','transmission','Manual','ienr4iec'),('ihizu4j5','fuel_type','Diesel','ienr4iec'),('ihizu4j8','model_year','2015','ienr4iec'),('ihizu4j9','engine_capacity','2525','ienr4iec'),('ihizu4ja','mileage','25','ienr4iec'),('ihj0ihyb','brand','0','ihiyasd4'),('ihj0ihyc','body_type','0','ihiyasd4'),('ihj0ihyd','transmission','0','ihiyasd4'),('ihj0ihyk','fuel_type','0','ihiyasd4'),('ihsbyjw1','sub_category','0','ihsbyjvz'),('iicp7k7n','sub_category','0','iicp7k7m');
/*!40000 ALTER TABLE `ad_fields` ENABLE KEYS */;
UNLOCK TABLES;

--
-- Table structure for table `ad_pictures`
--

DROP TABLE IF EXISTS `ad_pictures`;
/*!40101 SET @saved_cs_client     = @@character_set_client */;
/*!40101 SET character_set_client = utf8 */;
CREATE TABLE `ad_pictures` (
  `id` varchar(100) NOT NULL DEFAULT '',
  `source` varchar(300) DEFAULT NULL,
  `type` varchar(300) DEFAULT NULL,
  `size` bigint(20) DEFAULT NULL,
  `ad` varchar(100) DEFAULT NULL,
  PRIMARY KEY (`id`)
) ENGINE=InnoDB DEFAULT CHARSET=latin1;
/*!40101 SET character_set_client = @saved_cs_client */;

--
-- Dumping data for table `ad_pictures`
--

LOCK TABLES `ad_pictures` WRITE;
/*!40000 ALTER TABLE `ad_pictures` DISABLE KEYS */;
INSERT INTO `ad_pictures` VALUES ('i7jeyper','17abe440cebed10fe2df6c56f683311a.jpg','image/jpeg',3414,'i7jeypel'),('i7wcwln2','044d384e6d7d3d27873d2388462598f0.jpg','image/jpeg',88021,'i7wcwlmt'),('i89bo5k3','a2054ef28c454ce7aa02be6a4bd4fcd4.jpg','image/jpeg',11546,'i89bo5k2'),('i8ajzfga','0513454166b755209ddbdd2ee1c46f24.jpg','image/jpeg',114458,'i8ajzffw'),('i8ajzfgb','7a686081c0c8c51b050a5a49b807cecf.jpg','image/jpeg',102316,'i8ajzffw'),('i8cotxfu','db226b5477b610f6cb467d226e7928f6.jpg','image/jpeg',116887,'i8cotxfl'),('i8cotxfv','59fae2bb770735df02121a722ebc562f.jpg','image/jpeg',7974,'i8cotxfl'),('i8cphfzm','2bc949fc4888de17557d3a3c3bf5d62a.jpg','image/jpeg',408520,'i8cphfzj'),('i8cphfzn','8c493a2ea9a5192279cf672252bf0c69.jpg','image/jpeg',112162,'i8cphfzj'),('i8gjp0e6','a73ad0a349db3ab050148295c3e318e4.jpg','image/jpeg',289180,'i8gjp0e4'),('i97ctuj0','a1e10eb86a73d8721896b4db34db7486.jpg','image/jpeg',95166,'i97ctuix'),('i97nclnm','ee0f6f48f3d49d99a010a23ec571d057.jpg','image/jpeg',3764,'i97nclnj'),('i97nclnn','c9a8490a5ba0a63b78af0fab1d55dae2.jpg','image/jpeg',44758,'i97nclnj'),('i97nclno','a9a69836bf25309559e0f05d22741a95.jpg','image/jpeg',179819,'i97nclnj'),('i980enoh','27190114c8685a4339cb85b1070ab02c.jpg','image/jpeg',29611,'i97ftyw2'),('i9ihc3by','77f25b5106c31f1206a3eaa803e45b06.PNG','image/png',13806,'i9ihc3bq'),('i9ij0zl6','1779214b5311339f67addf4359caee4a.PNG','image/png',13806,'i9ij0zkw'),('i9kdshwj','a8a57d06f7ba3869c32f1d2937815904.jpg','image/jpeg',7707,'i9kdshwa'),('i9nf3ssp','5b4e0b28b487ca66f8cc51123ddc4d85.jpg','image/jpeg',7707,'i9nf3sso'),('i9nf3ssq','2faab2057ca14c60f4dd2e3e31186cf5.png','image/png',75471,'i9nf3sso'),('iceozcov','fdd1cb202681cb6bd2de3a365715f236.jpg','image/jpeg',302849,'iceozcon'),('ie5a235x','1fbd342b8413d449d0c27125623fe44f.jpg','image/jpeg',348906,'ie5a235r'),('iecr6owc','d906a815630ed81471510f34a1c5460a.jpg','image/jpeg',269526,'iecr6ow6'),('iee3qzyt','427445d6f0b4d6088f0bfa3692f6589f.jpeg','image/jpeg',4601,'iee3qzyl'),('iefir2k8','663b7b3651a049b093a0d0411b74c249.jpg','image/jpeg',9345,'iefir2k6'),('iefo96kk','c0ddaa57bfa46ac37d9f3438286a8061.jpg','image/jpeg',8332,'iefo96ki'),('iemk9hb3','36c4baae3cc3298e2b8c95ca32be6e8f.png','image/png',12597,'iemk9hay'),('ienqv8nm','c7490d0796c835f3a25c4b3e7c08b175.jpg','image/jpeg',25612,'ienqv8nh'),('ienr4iel','855b532ca0225e4af16892b117938605.png','image/png',14647,'ienr4iec'),('ieozakb3','062db8ea60f061f48a4126afe7054ea5.jpg','image/jpeg',1021870,'ieozakb1'),('ieozakb4','10f2a01c66ae9b45f413d200de955f35.jpg','image/jpeg',81559,'ieozakb1'),('iev08os5','e5dc764417b7acd500bf5975b709784f.gif','image/gif',21597,'iev08os3'),('iev08os6','536d7479d8261258cdca0db435ea23c7.gif','image/gif',21597,'iev08os3'),('iewp1cg9','00284281efc0d11b978d25b4b6a83601.gif','image/gif',21597,'i7wcwlmt'),('iewsffru','592463be72e10cee8ed2ddfa1b42204a.jpg','image/jpeg',176512,'iewsffrq'),('iewsffrv','f775ed3c65ed160dfeac1c3583367a47.jpg','image/jpeg',8572,'iewsffrq'),('iewsjm55','bfcc999ed7ade6b0f3348e37977857ba.jpg','image/jpeg',8572,'iewsjm4z'),('if753dcw','2ad99155cbcc21ea3f3ee0bd1319f45a.jpg','image/jpeg',6390,'if753dcv'),('if753dcx','f42dfa85bb55720e7781b21ac9f08a2f.jpg','image/jpeg',5814,'if753dcv'),('if75et27','3e6c59d5f0e290f348ef5ea261f48d42.jpg','image/jpeg',8680,'if75et25'),('if75et28','92d3c2d6cf7c154b3db698a1f01bbb99.jpg','image/jpeg',15339,'if75et25'),('ig8f8ndr','88abcc4a446f885db5323b11faa12f0a.jpg','image/jpeg',1709147,'ig8f8ndj'),('ig8f8nds','bab61135424f376d27fc68bba0916ad3.png','image/png',75471,'ig8f8ndj'),('igopo8ot','6746e153985e660f1a48d5b6031cdd7e','application/octet-stream',0,'igopo8oo'),('ihiyez58','48c485171954ca55cfd1e6f1c4fa31c4.JPG','image/jpeg',33853,'ihiyez53'),('ihsbyjw2','3e810262f2bb9e5008afa76dc2e65b38.jpg','image/jpeg',358664,'ihsbyjvz'),('iicp7k7q','65d00e9eeca071a2d5155a916ffc5dde.jpg','image/jpeg',571278,'iicp7k7m'),('iicp7k7s','118ae5b1bd9e0b81f52dfb25285b8b64.jpg','image/jpeg',292474,'iicp7k7m');
/*!40000 ALTER TABLE `ad_pictures` ENABLE KEYS */;
UNLOCK TABLES;

--
-- Table structure for table `ads`
--

DROP TABLE IF EXISTS `ads`;
/*!40101 SET @saved_cs_client     = @@character_set_client */;
/*!40101 SET character_set_client = utf8 */;
CREATE TABLE `ads` (
  `id` varchar(100) NOT NULL,
  `title` varchar(100) DEFAULT NULL,
  `slug` varchar(100) DEFAULT NULL,
  `description` varchar(500) DEFAULT NULL,
  `trade_type` varchar(100) DEFAULT NULL,
  `category` varchar(100) DEFAULT NULL,
  `price` decimal(18,2) DEFAULT NULL,
  `formatted_price` varchar(50) DEFAULT NULL,
  `currency` varchar(20) DEFAULT NULL,
  `currency_symbol` varchar(10) DEFAULT NULL,
  `route_short` varchar(10) DEFAULT NULL,
  `route_long` varchar(100) DEFAULT NULL,
  `postal_code_short` varchar(10) DEFAULT NULL,
  `postal_code_long` varchar(100) DEFAULT NULL,
  `neighborhood_short` varchar(10) DEFAULT NULL,
  `neighborhood_long` varchar(100) DEFAULT NULL,
  `street_number_short` varchar(10) DEFAULT NULL,
  `street_number_long` varchar(100) DEFAULT NULL,
  `country_short` varchar(10) DEFAULT NULL,
  `country_long` varchar(100) DEFAULT NULL,
  `locality_short` varchar(10) DEFAULT NULL,
  `locality_long` varchar(100) DEFAULT NULL,
  `administrative_area_level_1_short` varchar(10) DEFAULT NULL,
  `administrative_area_level_1_long` varchar(100) DEFAULT NULL,
  `administrative_area_level_2_short` varchar(10) DEFAULT NULL,
  `administrative_area_level_2_long` varchar(100) DEFAULT NULL,
  `formatted_address` varchar(300) DEFAULT NULL,
  `latitude` varchar(50) NOT NULL,
  `longitude` varchar(50) NOT NULL,
  `show_vbox` int(4) DEFAULT NULL,
  `show_email` int(4) DEFAULT NULL,
  `show_contact_form` int(4) DEFAULT NULL,
  `show_phone` int(4) DEFAULT NULL,
  `time_created` timestamp NOT NULL DEFAULT CURRENT_TIMESTAMP,
  `seller_type` int(4) DEFAULT NULL,
  `seller` bigint(20) DEFAULT NULL,
  `agent` bigint(20) DEFAULT NULL,
  PRIMARY KEY (`id`)
) ENGINE=InnoDB DEFAULT CHARSET=latin1;
/*!40101 SET character_set_client = @saved_cs_client */;

--
-- Dumping data for table `ads`
--

LOCK TABLES `ads` WRITE;
/*!40000 ALTER TABLE `ads` DISABLE KEYS */;
INSERT INTO `ads` VALUES ('i7wcwlmt','Lamborghini Aventador 2015 For Sale ','lamborghini_aventador_2015_for_sale','Lamborghini Aventador 2015 For Sale ',NULL,'1',400000.00,'$400,000.00','USD','$','Post St','Post St','94109','94109','Western Ad','Western Addition','1400','1400','US','United States','SF','San Francisco','CA','California','San Franci','San Francisco County','1400 Post St, San Francisco, CA 94109, USA','37.7862281000000000','-99.9999999999999999',1,1,1,1,'0000-00-00 00:00:00',0,2,2),('i8ajzffw','Tesla 2015','tesla_2015','Tesla for sale','1','1',80000.00,'$80,000.00','USD','$','Market St','Market St','94102','94102','Civic Cent','Civic Center','1200','1200','US','United States','SF','San Francisco','CA','California','San Franci','San Francisco County','1200 Market St, San Francisco, CA 94102, USA','37.7786430000000000','-99.9999999999999999',1,1,1,1,'0000-00-00 00:00:00',0,5,0),('i8cotxfl','Mustang for sale','mustang_for_sale','2015 Mustang for sale','1','1',35000.00,'$35,000.00','USD','$','El Camino ','El Camino Real','94109','94109','Polk Gulch','Polk Gulch','1200','1200','US','United States','SF','San Francisco','CA','California','San Franci','San Francisco County','1200 El Camino Real, San Francisco, CA 94109, USA','37.7866741000000000','-99.9999999999999999',1,1,1,1,'0000-00-00 00:00:00',0,3,0),('i8cphfzj','Beautiful house for sale','beautiful_house_for_sale','Beautiful house newly renovated for sale',NULL,'8',2000000.00,'$2,000,000.00','USD','$','Atherton A','Atherton Ave','94027','94027','West Ather','West Atherton','101','101','US','United States','Atherton','Atherton','CA','California','San Mateo ','San Mateo County','101 Atherton Ave, Atherton, CA 94027, USA','37.455264','-122.203915',1,1,1,1,'0000-00-00 00:00:00',0,3,3),('i8gjp0e4','despicable me costumes','despicable_me_costumes','despicable me costumes for sale','1','23',25.00,'$25.00','USD','$','Henry Adam','Henry Adams St','94103','94103','South of M','South of Market',NULL,NULL,'US','United States','SF','San Francisco','CA','California','San Franci','San Francisco County','Henry Adams St, San Francisco, CA 94103, USA','37.7686049000000000','-99.9999999999999999',1,1,1,1,'0000-00-00 00:00:00',0,8,8),('i97ctuix','Labtop for sell','labtop_for_sell','Lenova Z500 i7','1','17',500.00,'$500.00','USD','$','Henry Adam','Henry Adams St','94103','94103','South of M','South of Market','2086','2086','US','United States','SF','San Francisco','CA','California','San Franci','San Francisco County','Henry Adams St, San Francisco, CA 94103, USA','37.7686049','-122.40389070000003',1,1,1,1,'0000-00-00 00:00:00',0,NULL,NULL),('i97ftyw2','Computer','computer','Good Desktop Computer for gaming',NULL,'17',500.00,'$500.00','USD','$',NULL,NULL,NULL,NULL,NULL,NULL,NULL,NULL,'US','United States','NY','New York','NY','New York',NULL,NULL,'New York, NY, USA','39.4870849816874950','-75.1409912109375000',1,1,1,1,'0000-00-00 00:00:00',0,9,9),('i97nclnj','Microsoft Hololens','microsoft_hololens','Microsoft Hololens for sale please book your item in advance',NULL,'17',800.00,'$800.00','USD','$','NE 36th St','Northeast 36th Street','98052','98052','Overlake','Overlake','15010','15010','US','United States','Redmond','Redmond','WA','Washington','King Count','King County','15010 Northeast 36th Street, Redmond, WA 98052, USA','47.6422319','-122.13679079999997',1,1,1,1,'0000-00-00 00:00:00',1,3,3),('i9kdshwa','Mercedes Benz for sale','mercedes_benz_for_sale','Mercedes Benz for sale',NULL,'1',200000.00,'$200,000.00','USD','$','E El Camin','E El Camino Real','95051','95051','Somisspo','Somisspo','2010','2010','US','United States','Santa Clar','Santa Clara','CA','California','Santa Clar','Santa Clara County','2010 E El Camino Real, Santa Clara, CA 95051, USA','37.3521642','-122.0001785',1,1,1,1,'0000-00-00 00:00:00',0,NULL,NULL),('i9nf3sso','Mercedes Benz for sale','mercedes_benz_for_sale','Mercedes Benz for sale','1','1',250000.00,'$250,000.00','USD','$','Amphitheat','Amphitheatre Pkwy','94043','94043',NULL,NULL,'1600','1600','US','United States','Mountain V','Mountain View','CA','California',NULL,NULL,'1600 Amphitheatre Pkwy, Mountain View, CA 94043, USA','37.4225456','-122.08424980000001',1,1,1,1,'0000-00-00 00:00:00',0,5,5),('iceozcon','test add ','test_add','test descrption','1','1',1000.00,'$1,000.00','USD','$',NULL,NULL,'452007','452007',NULL,NULL,NULL,NULL,'US','United States','Atherton','Atherton','CA','California','San Mateo ','San Mateo County','101 Atherton Ave, Atherton, CA 94027, USA','37.455264','-122.203915',0,1,0,0,'0000-00-00 00:00:00',0,21,21),('ie5a235r','Property Real estate','property_real_estate','This is for testing.Real Estate for sell.',NULL,'8',800000.00,'$800,000.00','USD','$','UT-143','Highway 143','84719','84719',NULL,NULL,NULL,NULL,'US','United States','Brian Head','Brian Head','UT','Utah','Iron Count','Iron County','UT-143, Brian Head, UT 84719, USA','37.7334473','-112.837038',1,1,1,1,'0000-00-00 00:00:00',0,25,25),('iecfv26p','Test Model','test_model','test','1','2',255.00,'$255.00','USD','$',NULL,NULL,'50238','50238',NULL,NULL,NULL,NULL,'US','United States','New York','New York','IA','Iowa','Wayne Coun','Wayne County','New York, IA 50238, USA','40.8516701','-93.2599318',1,1,1,1,'0000-00-00 00:00:00',0,NULL,NULL),('iecr6ow6','Testing','testing','Test Description ','1','7',2500.00,'$2,500.00','USD','$',NULL,NULL,NULL,NULL,NULL,NULL,NULL,NULL,'US','United States','Los Altos','Los Altos','CA','California','Santa Clar','Santa Clara County','Los Altos, CA, USA','37.3852183','-122.1141298',1,1,1,1,'0000-00-00 00:00:00',1,24,24),('iee3qzyl','Test Fuel','test_fuel','Fuel Description....',NULL,'4',20.00,'$20.00','USD','$',NULL,NULL,NULL,NULL,NULL,NULL,NULL,NULL,'US','United States','KCMO','Kansas City','MO','Missouri','Jackson Co','Jackson County','Kansas City, MO, USA','39.0997265','-94.57856670000001',1,1,1,1,'0000-00-00 00:00:00',0,24,24),('iefir2k6','Mobile Testing','mobile_testing','Mobile phone for sell','1','14',25.00,'$25.00','USD','$','Montana St','Montana Street','201305','201305',NULL,NULL,NULL,NULL,'US','United States','San Antoni','San Antonio','TX','Texas','Bexar Coun','Bexar County','Montana St, San Antonio, TX, USA','29.418495','-98.4653849',1,1,1,1,'0000-00-00 00:00:00',0,25,25),('iefo96ki','Upper Test','upper_test','Description',NULL,'14',229.00,'$229.00','USD','$',NULL,NULL,NULL,NULL,NULL,NULL,NULL,NULL,'US','United States','Noida','Noida','CA','California','Gautam Bud','Gautam Buddh Nagar','California, USA','36.778261','-119.41793239999998',1,1,1,1,'0000-00-00 00:00:00',0,24,24),('iemk9hay','Testing events','testing_events','For testing',NULL,'5',15.00,'$15.00','USD','$',NULL,NULL,NULL,NULL,NULL,NULL,NULL,NULL,'US','United States','New Delhi','New Delhi','FL','Florida',NULL,NULL,'Florida, USA','27.6648274','-81.51575350000002',0,1,1,1,'0000-00-00 00:00:00',0,25,25),('ienqv8nh','Test','test','Tes','1','4',0.00,'','USD','$',NULL,NULL,NULL,NULL,NULL,NULL,NULL,NULL,'US','United States','NY','New York','NY','New York',NULL,NULL,'New York, NY, USA','40.7127837','-74.00594130000002',0,0,0,0,'0000-00-00 00:00:00',0,2,2),('ienr4iec','Test','test','test',NULL,'1',2536.00,'$2,536.00','USD','$',NULL,NULL,NULL,NULL,NULL,NULL,NULL,NULL,'US','United States','NY','New York','NY','New York',NULL,NULL,'New York, NY, USA','40.7127837','-74.00594130000002',1,1,1,1,'0000-00-00 00:00:00',0,NULL,NULL),('ieozakb1','iphone 6s','iphone_6s','just checking dude chill out!',NULL,'14',700.00,'$700.00','USD','$','Isadora Du','Isadora Duncan Lane','94102','94102','Lower Nob ','Lower Nob Hill','5','5','US','United States','SF','San Francisco','CA','California','San Franci','San Francisco County','5 Isadora Duncan Ln, San Francisco, CA 94102, USA','37.7874445','-122.41209430000004',1,0,0,0,'0000-00-00 00:00:00',0,NULL,NULL),('iev08os3','Demo','demo','This is for testing.',NULL,'25',50.00,'$50.00','USD','$',NULL,NULL,NULL,NULL,NULL,NULL,NULL,NULL,'IN','India','Lucknow','Lucknow','UP','Uttar Pradesh','Lucknow','Lucknow','USA','26.8466937','80.94616599999995',1,1,1,1,'0000-00-00 00:00:00',0,NULL,NULL),('iewsffrq','Test distance','test_distance','Mobile for  distance testing.','1','14',250.00,'$250.00','USD','$',NULL,NULL,NULL,NULL,NULL,NULL,NULL,NULL,'US','United States','Chgo','Chicago','IL','Illinois','Cook Count','Cook County','Chicago, IL, USA','41.8781136','-87.62979819999998',1,1,1,1,'0000-00-00 00:00:00',1,3,3),('iewsjm4z','test distance 2','test_distance_2','Mobile 2',NULL,'14',150.00,'$150.00','USD','$',NULL,NULL,NULL,NULL,NULL,NULL,NULL,NULL,'US','United States','Naperville','Naperville','IL','Illinois','Dupage Cou','DuPage County','Naperville, IL, USA','41.7508391','-88.15353519999996',1,1,1,1,'0000-00-00 00:00:00',1,3,3),('if753dcv','cat for sale','cat_for_sale','cat for sale','1','32',200.00,'$200.00','USD','$','Main St E','Main Street East','84115','84115','People\'s F','People\'s Freeway','1500','1500','US','United States','Salt Lake ','Salt Lake City','UT','Utah','Salt Lake ','Salt Lake County','1500 Main St E, Salt Lake City, UT 84115, USA','40.7367516','-111.89109639999998',1,1,1,1,'0000-00-00 00:00:00',0,3,3),('if75et25','lawn mower for sale','lawn_mower_for_sale','lawn mower machine for sale ','1','20',150.00,'$150.00','USD','$','Manchester','Manchester Road',NULL,NULL,NULL,NULL,NULL,NULL,'US','United States','Ballwin','Ballwin','MO','Missouri',NULL,NULL,'Manchester Rd, Ballwin, MO, USA','38.5929229','-90.54333309999998',1,1,1,1,'0000-00-00 00:00:00',0,3,3),('ig8f8ndj','Mercedes E-Coupe 2015','mercedes_e-coupe_2015','Mercedes E-Coupe 2015','1','1',75000.00,'$75,000.00','USD','$','Market St','Market Street','94607','94607','West Oakla','West Oakland','924','924','US','United States','Oakland','Oakland','CA','California','Alameda Co','Alameda County','924 Market St, Oakland, CA 94607, USA','37.8041094','-122.28236329999999',1,1,0,1,'0000-00-00 00:00:00',0,5,5),('igopo8oo','ibrhaeemownsbusinesss','ibrhaeemownsbusinesss','we offered best','1','1',555.00,'€555.00','EUR','€',NULL,NULL,NULL,NULL,NULL,NULL,NULL,NULL,'CN','China',NULL,NULL,'Yunnan','Yunnan',NULL,NULL,'Yunnan, China','25.045806','102.71000200000003',1,0,0,0,'0000-00-00 00:00:00',0,36,36),('ihiyasd4','Hi, I want to sell my byke','hi,_i_want_to_sell_my_byke','really',NULL,'1',22.00,'$22.00','USD','$',NULL,NULL,NULL,NULL,'Defence Ph','Defence Phase 2',NULL,NULL,'PK','Pakistan','Lahore','Lahore','Punjab','Punjab','Lahore Dis','Lahore District','Defence Phase 2, Lahore, Pakistan','31.5744296','74.32098739999992',0,0,0,0,'0000-00-00 00:00:00',0,36,36),('ihiyez53','asdf','asdf','jk','1','6',33.00,'$33.00','USD','$','Kalma Chow','Kalma Chowk Flyover','94102','94102','Civic Cent','Civic Center','1200','1200','PK','Pakistan','Karachi','Karachi','Sindh','Sindh','Karachi Di','Karachi District','Karachi, Pakistan','24.8614622','67.00993879999999',0,0,0,0,'0000-00-00 00:00:00',0,36,36),('ihsbyjvz','test','test','test','1','45',10.00,'$10.00','USD','$',NULL,NULL,NULL,NULL,NULL,NULL,NULL,NULL,'BE','Belgium','Tessenderl','Tessenderlo','Flanders','Flanders','LI','Limburg','Tessenderlo, Belgium','51.0642666','5.088193799999999',1,0,1,0,'0000-00-00 00:00:00',0,35,35),('iicp7k7m','Star wars coustumes and DVDs','star_wars_coustumes_and_dvds','Selling star wars costumes and all DVDs ','1','42',50.00,'$50.00','USD','$',NULL,NULL,NULL,NULL,'NoHo','North Hollywood',NULL,NULL,'US','United States','LA','Los Angeles','CA','California','Los Angele','Los Angeles County','North Hollywood, Los Angeles, CA, USA','34.187044','-118.3812562',1,1,0,1,'0000-00-00 00:00:00',0,15,15);
/*!40000 ALTER TABLE `ads` ENABLE KEYS */;
UNLOCK TABLES;

--
-- Table structure for table `appointments`
--

DROP TABLE IF EXISTS `appointments`;
/*!40101 SET @saved_cs_client     = @@character_set_client */;
/*!40101 SET character_set_client = utf8 */;
CREATE TABLE `appointments` (
  `id` int(11) NOT NULL AUTO_INCREMENT,
  `id_user` int(11) NOT NULL,
  `with_user` int(11) NOT NULL,
  `on_time` datetime NOT NULL,
  `book_time` timestamp NOT NULL DEFAULT CURRENT_TIMESTAMP,
  PRIMARY KEY (`id`)
) ENGINE=InnoDB AUTO_INCREMENT=15 DEFAULT CHARSET=latin1;
/*!40101 SET character_set_client = @saved_cs_client */;

--
-- Dumping data for table `appointments`
--

LOCK TABLES `appointments` WRITE;
/*!40000 ALTER TABLE `appointments` DISABLE KEYS */;
INSERT INTO `appointments` VALUES (6,35,36,'2015-11-13 07:00:00','2015-11-06 17:50:27'),(9,36,35,'2015-11-13 15:00:00','2015-11-06 17:53:06'),(10,35,36,'2015-11-06 01:00:00','2015-11-06 18:08:41'),(14,5,3,'2015-11-19 07:00:00','2015-11-12 19:32:05');
/*!40000 ALTER TABLE `appointments` ENABLE KEYS */;
UNLOCK TABLES;

--
-- Table structure for table `business_employees`
--

DROP TABLE IF EXISTS `business_employees`;
/*!40101 SET @saved_cs_client     = @@character_set_client */;
/*!40101 SET character_set_client = utf8 */;
CREATE TABLE `business_employees` (
  `id` bigint(20) unsigned NOT NULL AUTO_INCREMENT,
  `confirmed` int(11) NOT NULL,
  `role` int(11) NOT NULL,
  `account` int(11) unsigned DEFAULT NULL,
  `business` bigint(20) unsigned DEFAULT NULL,
  `contact_number` varchar(50) NOT NULL,
  `contact_email` varchar(100) DEFAULT NULL,
  `time_created` timestamp NOT NULL DEFAULT CURRENT_TIMESTAMP,
  `store` varchar(100) DEFAULT NULL,
  `session` varchar(100) NOT NULL,
  PRIMARY KEY (`id`)
) ENGINE=InnoDB AUTO_INCREMENT=91 DEFAULT CHARSET=latin1;
/*!40101 SET character_set_client = @saved_cs_client */;

--
-- Dumping data for table `business_employees`
--

LOCK TABLES `business_employees` WRITE;
/*!40000 ALTER TABLE `business_employees` DISABLE KEYS */;
INSERT INTO `business_employees` VALUES (2,1,0,3,2,'','leoash842@hotmail.com','0000-00-00 00:00:00',NULL,'ihfwfd9w'),(3,1,0,3,3,'','leoash842@hotmail.com','0000-00-00 00:00:00',NULL,'ihcv136j'),(4,1,0,3,4,'','leoash842@hotmail.com','0000-00-00 00:00:00','6','ihtjevhf'),(11,1,0,6,5,'','deb17276@yahoo.com','0000-00-00 00:00:00','4','i8mh6qfr'),(22,1,1,0,5,'','deb17276@gmail.com','0000-00-00 00:00:00',NULL,''),(24,1,0,3,2,'','leoash842@hotmail.com','0000-00-00 00:00:00',NULL,'if6er237'),(25,1,1,0,4,'','makk4@hotmail.co.uk','0000-00-00 00:00:00',NULL,'i8ives6u'),(26,1,1,0,4,'','makk042@gmail.com','0000-00-00 00:00:00',NULL,''),(27,1,0,9,0,'','ali.almaas@gmail.com','0000-00-00 00:00:00',NULL,''),(28,1,0,9,0,'','ali.almaas@gmail.com','0000-00-00 00:00:00',NULL,''),(29,1,0,9,0,'','ali.almaas@gmail.com','0000-00-00 00:00:00',NULL,''),(30,1,0,9,0,'','ali.almaas@gmail.com','0000-00-00 00:00:00',NULL,''),(31,1,0,9,0,'','ali.almaas@gmail.com','0000-00-00 00:00:00',NULL,''),(32,1,0,9,0,'','ali.almaas@gmail.com','0000-00-00 00:00:00',NULL,''),(39,1,0,20,0,'','deepakp@neuronsolutions.com','0000-00-00 00:00:00',NULL,''),(40,1,0,20,0,'','deepakp@neuronsolutions.com','0000-00-00 00:00:00',NULL,''),(41,1,0,21,0,'','neuronmobileteam@gmail.com','0000-00-00 00:00:00',NULL,''),(42,1,0,22,0,'','avania@neuronsolutions.com','0000-00-00 00:00:00',NULL,''),(43,1,0,25,0,'','vipul.gupta@udaantechnologies.com','0000-00-00 00:00:00',NULL,''),(44,1,0,25,0,'','vipul.gupta@udaantechnologies.com','0000-00-00 00:00:00',NULL,''),(45,1,0,25,0,'','vipul.gupta@udaantechnologies.com','0000-00-00 00:00:00',NULL,''),(46,1,0,24,0,'','mohd.sayeed@udaantechnologies.com','0000-00-00 00:00:00',NULL,''),(47,1,0,24,0,'','mohd.sayeed@udaantechnologies.com','0000-00-00 00:00:00',NULL,''),(48,1,0,24,0,'','mohd.sayeed@udaantechnologies.com','0000-00-00 00:00:00',NULL,''),(49,1,0,25,0,'','vipul.gupta@udaantechnologies.com','0000-00-00 00:00:00',NULL,''),(50,1,1,24,2,'','mohd.sayeed@udaantechnologies.com','0000-00-00 00:00:00',NULL,''),(52,1,0,3,0,'','leoash842@hotmail.com','0000-00-00 00:00:00',NULL,''),(55,1,0,37,0,'','ibraheemsadiq@gmail.com','0000-00-00 00:00:00',NULL,''),(56,1,0,37,0,'','ibraheemsadiq@gmail.com','0000-00-00 00:00:00',NULL,''),(57,1,0,37,0,'','ibraheemsadiq@gmail.com','0000-00-00 00:00:00',NULL,''),(58,1,0,37,0,'','ibraheemsadiq@gmail.com','0000-00-00 00:00:00',NULL,''),(59,1,0,5,0,'','makk4@hotmail.co.uk','0000-00-00 00:00:00',NULL,''),(60,1,0,37,0,'','ibraheemsadiq@gmail.com','0000-00-00 00:00:00',NULL,''),(61,1,0,37,0,'','ibraheemsadiq@gmail.com','0000-00-00 00:00:00',NULL,''),(62,1,0,37,0,'','ibraheemsadiq@gmail.com','0000-00-00 00:00:00',NULL,''),(65,1,0,3,0,'','leoash842@hotmail.com','0000-00-00 00:00:00',NULL,''),(88,1,1,8,4,'','makk042@gmail.com','0000-00-00 00:00:00',NULL,''),(89,1,0,35,0,'','babarkhan7311@gmail.com','0000-00-00 00:00:00',NULL,''),(90,1,0,35,0,'','babarkhan7311@gmail.com','0000-00-00 00:00:00',NULL,'');
/*!40000 ALTER TABLE `business_employees` ENABLE KEYS */;
UNLOCK TABLES;

--
-- Table structure for table `businesses`
--

DROP TABLE IF EXISTS `businesses`;
/*!40101 SET @saved_cs_client     = @@character_set_client */;
/*!40101 SET character_set_client = utf8 */;
CREATE TABLE `businesses` (
  `id` bigint(20) unsigned NOT NULL AUTO_INCREMENT,
  `name` varchar(100) DEFAULT NULL,
  `address` varchar(1000) DEFAULT NULL,
  `contact_number` varchar(20) DEFAULT NULL,
  `avatar` varchar(1000) DEFAULT NULL,
  `route_short` varchar(10) DEFAULT NULL,
  `route_long` varchar(100) DEFAULT NULL,
  `postal_code_short` varchar(10) DEFAULT NULL,
  `postal_code_long` varchar(100) DEFAULT NULL,
  `neighborhood_short` varchar(10) DEFAULT NULL,
  `neighborhood_long` varchar(100) DEFAULT NULL,
  `street_number_short` varchar(10) DEFAULT NULL,
  `street_number_long` varchar(100) DEFAULT NULL,
  `country_short` varchar(10) DEFAULT NULL,
  `country_long` varchar(100) DEFAULT NULL,
  `locality_short` varchar(10) DEFAULT NULL,
  `locality_long` varchar(100) DEFAULT NULL,
  `administrative_area_level_1_short` varchar(10) DEFAULT NULL,
  `administrative_area_level_1_long` varchar(100) DEFAULT NULL,
  `administrative_area_level_2_short` varchar(10) DEFAULT NULL,
  `administrative_area_level_2_long` varchar(100) DEFAULT NULL,
  `formatted_address` varchar(1000) DEFAULT NULL,
  `latitude` varchar(20) DEFAULT NULL,
  `longitude` varchar(20) DEFAULT NULL,
  `time_created` timestamp NOT NULL DEFAULT CURRENT_TIMESTAMP,
  `description` varchar(100) DEFAULT NULL,
  `contact_email` varchar(100) NOT NULL,
  `website` varchar(100) NOT NULL,
  `category` varchar(100) DEFAULT NULL,
  PRIMARY KEY (`id`)
) ENGINE=InnoDB AUTO_INCREMENT=33 DEFAULT CHARSET=latin1;
/*!40101 SET character_set_client = @saved_cs_client */;

--
-- Dumping data for table `businesses`
--

LOCK TABLES `businesses` WRITE;
/*!40000 ALTER TABLE `businesses` DISABLE KEYS */;
INSERT INTO `businesses` VALUES (2,'google','google','3147574731','63010001e62006c8180ea5e113d65509.jpg','Amphitheat','Amphitheatre Pkwy','94043','94043',NULL,NULL,NULL,'1600','US','United States','Mountain V','Mountain View','CA','California','Santa Clar','Santa Clara County','1600 Amphitheatre Pkwy, Mountain View, CA 94043, USA','37.42247640','-99.99999999','0000-00-00 00:00:00','google','info@google.com','www.google.com','17'),(3,'google','google2','3147574731','84998ab0823ed5b11b6e1142f7df59ce.jpg','Amphitheat','Amphitheatre Pkwy','94043','94043',NULL,NULL,NULL,'1600','US','United States','Mountain V','Mountain View','CA','California','Santa Clar','Santa Clara County',NULL,'37.42247640','-99.99999999','0000-00-00 00:00:00','google','info@google.com','www.google.com',NULL),(4,'VBOX, Inc.','vbox','3147574731','0c228ac525914a17da8473b799e2adf5.png','Polk St','Polk St','94109','94109','Polk Gulch','Polk Gulch','Polk Gulch','1424','US','United States','SF','San Francisco','CA','California','San Franci','San Francisco County','1424 Polk St, San Francisco, CA 94109, USA','37.79008340','-122.420398','0000-00-00 00:00:00','Social online marketplace/eCommerce Startup','info@livevbox.com','livevbox.com','17'),(5,'Debdesk','debdesk','987645321','f26257eae95c135d26ef52b0be3a1698.jpg','Post St','Post St','94109','94109','Lower Nob ','Lower Nob Hill','Lower Nob ','711','US','United States','SF','San Francisco','CA','California','San Franci','San Francisco County','711 Post St, San Francisco, CA 94109, USA','37.78735680','-99.99999999','0000-00-00 00:00:00','Web design and Web development','webmaster@debdesk.com','http://debdesk.com','48'),(6,'Selling Electronic Machine','Ibrahim','321','dee1c29d9b440d908aeaa659d23417f5.jpg',NULL,NULL,NULL,NULL,NULL,NULL,NULL,NULL,'US','United States',NULL,NULL,'CA','California',NULL,NULL,'California, United States','36.77826100','-99.99999999','0000-00-00 00:00:00','Labtop, Computer and Mobile ','ali.almaas@gmail.com','example.com','17'),(7,'Neuron Solutions','neuronsoltions','9879879879','0f91d006377b4db4f515c059f4651b41.jpg',NULL,NULL,NULL,NULL,NULL,NULL,NULL,NULL,'US','United States',NULL,NULL,NULL,NULL,NULL,NULL,'United States','37.09024000','-95.71289100','0000-00-00 00:00:00','Sell cars and other vehicles','avania@neuronsolutions.com','neuronsoltions.com',NULL),(8,'sayeed','Test','865335312','4f38030400f4e62bbc3cb9aa4e23ac45.jpg',NULL,NULL,NULL,NULL,NULL,NULL,NULL,NULL,'US','United States','SF','San Francisco','CA','California','San Franci','San Francisco County','711 Post St, San Francisco, CA 94109, USA','37.78735680','-99.99999999','0000-00-00 00:00:00','Test','mohd.sayeed@udaantechnologies.com','www.udaantechnologies.com','1'),(9,'test','noida up','87651326465','1a273f9d63865764e2db5e5e79d4214c.png',NULL,NULL,NULL,NULL,NULL,NULL,NULL,NULL,'US','United States','SF','San Francisco','CA','California','San Franci','San Francisco County','1424 Polk St, San Francisco, CA 94109, USA','37.79008340','-122.420398','0000-00-00 00:00:00','test','ab@sad.com','http://www.abcd.com',NULL),(10,'Google+','hello@google.com','+ 111-222-333','5bda72a91d11639a71b75211802ca67e.png',NULL,NULL,NULL,NULL,NULL,NULL,NULL,NULL,'US','United States','SF','San Francisco','CA','California','San Franci','San Francisco County','711 Post St, San Francisco, CA 94109, USA','37.78735680','-99.99999999','0000-00-00 00:00:00','software, website, internet','hello@google.com','www.google.com','2'),(11,'Philips','philips@gmail.com','9874561236','e630945cb184ec62f7778e6263850a93.png',NULL,NULL,NULL,NULL,NULL,NULL,NULL,NULL,'US','United States','SF','San Francisco','CA','California','San Franci','San Francisco County','1424 Polk St, San Francisco, CA 94109, USA','37.79008340','-122.420398','0000-00-00 00:00:00','Philips electronics','vipulg@gmail.com','http://gmailmjh.com','16'),(24,'sayeed','Test','865335312','4f38030400f4e62bbc3cb9aa4e23ac45.jpg',NULL,NULL,NULL,NULL,NULL,NULL,NULL,NULL,'US','United States','SF','San Francisco','CA','California','San Franci','San Francisco County','711 Post St, San Francisco, CA 94109, USA','37.78735680','-99.99999999','0000-00-00 00:00:00','Test','mohd.sayeed@udaantechnologies.com','www.udaantechnologies.com','1'),(25,'dreamCars','ibraheemsadiq22@gmail.com','+923153878989','47920a6af2e7cf443409e1111d432d9c.JPG','adsfasdf','adsfasdf','98203','98203','Boulevard ','Boulevard Bluffs','Boulevard ',NULL,'US','United States','Everett','Everett','WA','Washington','Snohomish ','Snohomish County',NULL,'47.94478919999999','-122.27787309999997','0000-00-00 00:00:00','we have best models of cars from the world ','i','http://192.241.239.235/','1'),(26,'dreamCars','http://192.241.239.235/','+923153878989','72d0abf513129dd3a83bc1289c51ffe3.JPG','adsfasdf','adsfasdf','8620','8620','Boulevard ','Boulevard Bluffs','Boulevard ',NULL,'DK','Denmark','Kjellerup','Kjellerup','Central De','Central Denmark Region','Silkeborg ','Silkeborg Municipality','8620 Kjellerup, Denmark','56.284643','9.435531999999967','0000-00-00 00:00:00','we have best models of cars from the world ','i','http://192.241.239.235/','1'),(27,'Nike','nike','1-503-671-6453','358df338d762e67a2fab3db9e3ff2fcd.jpg',NULL,NULL,NULL,NULL,NULL,NULL,NULL,NULL,'US','United States','Beaverton','Beaverton','OR','Oregon','Washington','Washington County','Beaverton, OR, USA','45.48706199999999','-122.80371020000001','0000-00-00 00:00:00','Shoe company','info@nike.com','nike.com',NULL),(28,'softtecdh','test@gmail.com','+923153878989','08b5af6d5c4e22a1549f622a6cdc9d8f.JPG',NULL,NULL,NULL,NULL,NULL,NULL,NULL,NULL,'PK','Pakistan','Chishtian ','Chishtian Sharif','Punjab','Punjab','District B','District Bahawalnagar','sattelite town, Chishtian Sharif, Pakistan','29.8072512','72.85274800000002','0000-00-00 00:00:00','wer','asd@gmail.com','google.com','1'),(29,'myCarsstore','xyz@gmail.com','+923153878989','edbf67923e9fc9b09d3f19759a79b617.JPG',NULL,NULL,NULL,NULL,NULL,NULL,NULL,NULL,'PK','Pakistan',NULL,NULL,NULL,NULL,NULL,NULL,'Pakistan','30.375321','69.34511599999996','0000-00-00 00:00:00','I\'ve best models of casrs...','asd@gmail.com','google.com','1'),(30,'myCarsstore','mycars','+923153878989','421fc77fb885438fc69295382a4c82ad.JPG',NULL,NULL,NULL,NULL,NULL,NULL,NULL,NULL,'PK','Pakistan',NULL,NULL,NULL,NULL,NULL,NULL,'Pakistan','30.375321','69.34511599999996','0000-00-00 00:00:00','I\'ve best models of casrs...','asd@gmail.com','google.com','1'),(31,'nike2','nike2','3147251239','434743d9062dc0dbcc6b106f5c375bd1.jpg',NULL,NULL,NULL,NULL,NULL,NULL,NULL,NULL,'US','United States','Beaverton','Beaverton','OR','Oregon','Washington','Washington County','Beaverton, OR, USA','45.48706199999999','-122.80371020000001','0000-00-00 00:00:00','sports wear','info@nike.com','nike.com','22'),(32,'Oreksis','oreksis','99822211234','65812a75501a57c7668cafbc5ac6d5cf.jpg',NULL,NULL,NULL,NULL,NULL,NULL,NULL,NULL,'US','United States','Newton','Newton','MA','Massachusetts','Middlesex ','Middlesex County','Newton, MA, USA','42.3370413','-71.20922139999999','0000-00-00 00:00:00','oreksis','babarkhan7311@gmail.com','oreksis.org','17');
/*!40000 ALTER TABLE `businesses` ENABLE KEYS */;
UNLOCK TABLES;

--
-- Table structure for table `chat`
--

DROP TABLE IF EXISTS `chat`;
/*!40101 SET @saved_cs_client     = @@character_set_client */;
/*!40101 SET character_set_client = utf8 */;
CREATE TABLE `chat` (
  `id` int(10) unsigned NOT NULL AUTO_INCREMENT,
  `from` int(11) NOT NULL,
  `to` int(11) NOT NULL,
  `message` text NOT NULL,
  `time` timestamp NOT NULL DEFAULT CURRENT_TIMESTAMP,
  PRIMARY KEY (`id`)
) ENGINE=InnoDB AUTO_INCREMENT=340 DEFAULT CHARSET=utf8;
/*!40101 SET character_set_client = @saved_cs_client */;

--
-- Dumping data for table `chat`
--

LOCK TABLES `chat` WRITE;
/*!40000 ALTER TABLE `chat` DISABLE KEYS */;
INSERT INTO `chat` VALUES (1,35,36,'hi\n','2015-10-20 16:37:02'),(2,36,35,'ki','2015-10-20 16:37:11'),(3,36,35,'hello\n','2015-10-20 16:39:14'),(4,36,35,'hello\n','2015-10-20 16:45:00'),(5,35,36,'hi\n','2015-10-20 17:06:22'),(6,36,35,'<div class=\'info text-info\'>Street Number 8, Sargodha, Pakistan</div>','2015-10-20 17:32:27'),(7,35,36,'hi\n','2015-10-20 17:33:17'),(8,35,36,'<div class=\'info text-info\'>Street Number 8, Sargodha, Pakistan</div>','2015-10-20 17:33:57'),(9,3,36,'<div class=\'info text-info\'>1426 Polk St, San Francisco, CA 94109, USA</div>','2015-10-20 17:52:53'),(10,36,35,'Hi','2015-10-20 17:58:27'),(11,36,35,'Hi','2015-10-20 17:58:59'),(12,3,36,'hi\n','2015-10-20 17:59:48'),(13,3,36,'you there?\n','2015-10-20 17:59:56'),(14,35,36,'hello, do you see it\n','2015-10-20 18:01:36'),(15,3,36,'now I can\n','2015-10-20 18:02:01'),(16,3,36,'cant hear your voice?\n','2015-10-20 18:02:17'),(17,35,36,'i can hear you\n','2015-10-20 18:02:55'),(18,35,36,'can you?\n','2015-10-20 18:02:59'),(19,3,36,'no I cant?\n','2015-10-20 18:03:10'),(20,3,36,'cant hear you?\n','2015-10-20 18:05:17'),(21,35,36,'hi\n','2015-10-20 18:05:22'),(22,3,36,'appointment is not working i was just checking\n','2015-10-20 18:06:14'),(23,3,36,'<div class=\'info text-info\'>1428 Polk St, San Francisco, CA 94109, USA</div>','2015-10-20 18:06:18'),(24,36,35,'<div class=\'time-block\'><div class=\"p-head\">Appointment</div><div class=\"apptime\"><span class=\"appdate\">undefined</span><span class=\"app-time floatright bluetext\">04:00</span></div><div class=\"p-action\"><div class=\"textblue padding\">Appointment Accepted</div></div></div>','2015-10-20 18:06:20'),(25,35,36,'<div class=\'info text-info\'>Street Number 8, Sargodha, Pakistan</div>','2015-10-20 18:06:30'),(26,3,36,'i cant select the date in the apoointment?\n','2015-10-20 18:06:40'),(27,3,36,'i cant hear you?\n','2015-10-20 18:06:54'),(28,35,36,'but i can hear you may be some thing wrong with my mic.. should we try with qasim laptop?\n','2015-10-20 18:07:40'),(29,3,36,'let me check my mic\n','2015-10-20 18:09:35'),(30,3,36,'now call me\n','2015-10-20 18:09:55'),(31,3,36,'i think I fixed it\n','2015-10-20 18:10:01'),(32,3,36,'<div class=\'file-shared\'><a target=\'_blank\' href=\'shared/marquee-leather-platform-bed-contemporary-led-light.jpg\'>Download File</a></div>','2015-10-20 18:11:37'),(33,3,36,'can you hear me?','2015-10-20 18:14:28'),(34,35,36,'no,\n','2015-10-20 18:14:32'),(35,35,36,'hello\n','2015-10-20 18:23:51'),(36,5,36,'hi\n','2015-10-20 18:23:52'),(37,5,36,'<div class=\'info text-info\'>1426 Polk St, San Francisco, CA 94109, USA</div>','2015-10-20 18:23:57'),(38,5,36,'<div class=\'file-shared\'><a target=\'_blank\' href=\'shared/Really-Cool-Bedrooms.jpg\'>Download File</a></div>','2015-10-20 18:24:19'),(39,5,36,'i click the phone icon\n','2015-10-20 18:38:30'),(40,5,36,'hyi\n','2015-10-20 18:43:08'),(41,36,35,'hi \n','2015-10-24 04:09:14'),(42,35,36,'hello\n','2015-10-24 04:09:36'),(43,35,3,'<div class=\'info text-info\'>Street Number 8, Sargodha, Pakistan</div>','2015-10-24 04:36:32'),(44,3,35,'Hi','2015-10-24 05:17:32'),(45,3,35,'??? ???? ? ','2015-10-24 05:18:26'),(46,35,3,'how are you?','2015-10-24 05:23:13'),(47,35,3,'??? ???? ? ','2015-10-24 05:23:16'),(48,5,3,'<div class=\'info text-info\'>1426 Polk St, San Francisco, CA 94109, USA</div>','2015-10-24 06:48:22'),(49,3,35,'<div class=\'info text-info\'>Waseem Shaheed Road, Naya Shehar 35200, Pakistan</div>','2015-10-24 10:21:40'),(50,3,35,'<div class=\'info text-info\'>Waseem Shaheed Road, Naya Shehar 35200, Pakistan</div>','2015-10-24 10:21:51'),(51,5,3,'hi','2015-10-24 18:23:32'),(52,5,3,'hi\n','2015-10-24 18:27:01'),(53,3,35,'<div class=\'time-block\'><div class=\"p-head\">Appointment</div><div class=\"apptime\"><span class=\"appdate\">28-October-2015</span><span class=\"app-time floatright bluetext\">04:00</span></div><div class=\"p-action\"><div class=\"textblue padding\">Accepted</div></div></div>','2015-10-24 19:23:00'),(54,3,35,'<div class=\'time-block activated\'><div class=\'p-head\'>Appointment</div><div class=\'apptime\'><span class=\'appdate\'>10-28-2015</span><span class=\'app-time floatright bluetext\'>4:00</span></div><div class=\'p-action\'>Completed</div></div>','2015-10-24 19:28:47'),(55,3,35,'<div class=\'time-block\'><div class=\"p-head\">Appointment</div><div class=\"apptime\"><span class=\"appdate\">28-October-2015</span><span class=\"app-time floatright bluetext\">04:00</span></div><div class=\"p-action\"><div class=\"textblue padding\">Accepted</div></div></div>','2015-10-24 19:29:40'),(56,3,35,'<div class=\'time-block activated\'><div class=\'p-head\'>Appointment</div><div class=\'apptime\'><span class=\'appdate\'>10-28-2015</span><span class=\'app-time floatright bluetext\'>2:00</span></div><div class=\'p-action textred\'>Canceled</div></div>','2015-10-24 19:30:13'),(57,3,35,'hi','2015-10-24 19:32:47'),(58,3,35,'?????','2015-10-24 19:32:50'),(59,3,35,'Hallo','2015-10-24 19:34:49'),(60,36,35,'hi\n','2015-10-25 22:04:15'),(61,35,36,'hello\n','2015-10-25 22:04:21'),(62,3,5,'Hi','2015-10-26 21:01:21'),(63,5,3,'hi\n','2015-10-26 21:01:32'),(64,5,3,'???? ???','2015-10-26 21:04:21'),(65,3,5,'<div class=\'time-block\'><div class=\"p-head\">Appointment</div><div class=\"apptime\"><span class=\"appdate\">27-October-2015</span><span class=\"app-time floatright bluetext\">04:00</span></div></div>','2015-10-26 21:05:31'),(66,5,3,'<div class=\'time-block activated\'><div class=\'p-head\'>Appointment</div><div class=\'apptime\'><span class=\'appdate\'>10-27-2015</span><span class=\'app-time floatright bluetext\'>4:00</span></div><div class=\'p-action textred\'>Canceled</div></div>','2015-10-26 21:06:01'),(67,5,3,'hi\n','2015-10-26 21:18:35'),(68,5,3,'hi\n','2015-10-26 21:18:50'),(69,5,3,'hi\n','2015-10-26 21:19:47'),(70,5,3,'<div class=\'info text-info\'>1428 Polk St, San Francisco, CA 94109, USA</div>','2015-10-26 21:19:49'),(71,3,35,'Hi','2015-10-26 22:08:07'),(72,3,35,'Can you see my cam?','2015-10-26 22:08:22'),(73,3,35,'I can\'t see urs?','2015-10-26 22:08:34'),(74,35,3,'there? call me now\n','2015-10-26 22:10:28'),(75,3,35,'Ou','2015-10-26 22:18:19'),(76,3,35,'You there','2015-10-26 22:18:30'),(77,5,3,'Hi','2015-10-27 01:22:41'),(78,3,5,'Hey','2015-10-27 01:22:53'),(79,5,3,'How r u?','2015-10-27 01:23:17'),(80,3,5,'I\'m good thank you','2015-10-27 01:23:28'),(81,5,3,'Can i see your cam','2015-10-27 01:23:52'),(82,3,5,'Sure','2015-10-27 01:24:18'),(83,3,5,'This product is amazing','2015-10-27 01:24:44'),(84,5,3,'How much are you selling for?','2015-10-27 01:25:27'),(85,5,3,'Cuánto se están vendiendo?','2015-10-27 01:26:02'),(86,36,3,'hi\n','2015-10-27 11:31:35'),(87,3,0,'hi\n','2015-10-27 20:50:32'),(88,3,35,'hi\n','2015-10-28 08:54:29'),(89,3,35,'<div class=\'info text-info\'>Waseem Shaheed Road, Naya Shehar 35200, Pakistan</div>','2015-10-28 08:54:43'),(90,3,35,'<div class=\'info text-info\'>Waseem Shaheed Road, Naya Shehar 35200, Pakistan</div>','2015-10-28 08:54:45'),(91,3,35,'<div class=\'info text-info\'>Waseem Shaheed Road, Naya Shehar 35200, Pakistan</div>','2015-10-28 08:56:23'),(92,3,36,'<div class=\'info text-info\'>Waseem Shaheed Road, Naya Shehar 35200, Pakistan</div>','2015-10-28 09:29:00'),(93,36,35,'??? ????','2015-10-29 06:33:42'),(94,35,36,'تحياتي','2015-10-29 09:51:07'),(95,35,36,'καλημέρα','2015-10-29 09:51:43'),(96,3,5,'Hi','2015-10-29 17:25:24'),(97,3,5,'How are you?','2015-10-29 17:25:52'),(98,5,3,'I\'m good','2015-10-29 17:26:06'),(99,5,3,'I\'m on iphone','2015-10-29 17:26:23'),(100,3,5,'Video supposed to be working on iPhone if browser is chrome','2015-10-29 17:27:13'),(101,3,5,'<div class=\'time-block\'><div class=\"p-head\">Appointment</div><div class=\"apptime\"><span class=\"appdate\">30-October-2015</span><span class=\"app-time floatright bluetext\">04:00</span></div><div class=\"p-action\"><div class=\"textblue padding\">Accepted</div></div></div>','2015-10-29 17:28:21'),(102,3,5,'<div class=\'time-block activated\'><div class=\'p-head\'>Appointment</div><div class=\'apptime\'><span class=\'appdate\'>10-30-2015</span><span class=\'app-time floatright bluetext\'>1:00</span></div><div class=\'p-action textred\'>Canceled</div></div>','2015-10-29 17:28:48'),(103,5,3,'مرحبا','2015-10-29 17:30:57'),(104,3,5,'كيف أساس سنوي?','2015-10-29 17:31:40'),(105,3,5,'<div class=\'info text-info\'>1561 California St, San Francisco, CA 94109, USA</div>','2015-10-30 05:40:27'),(106,5,3,'hi\n','2015-10-30 06:04:51'),(107,3,5,'How are you?','2015-10-30 06:08:01'),(108,36,0,'<div class=\'info text-info\'>Waseem Shaheed Road, Naya Shehar 35200, Pakistan</div>','2015-11-02 17:48:21'),(109,36,0,'<div class=\'info text-info\'>Waseem Shaheed Road, Naya Shehar 35200, Pakistan</div>','2015-11-02 17:54:09'),(110,36,5,'hi\n','2015-11-02 18:17:26'),(111,36,5,'adfs\n','2015-11-02 18:17:28'),(112,36,5,'wer','2015-11-02 18:17:30'),(113,36,35,'<div class=\'info text-info\'>Street Number 8, Sargodha, Pakistan</div>','2015-11-03 08:45:49'),(114,36,35,'hello\n','2015-11-05 06:25:24'),(115,35,36,'hello\n','2015-11-05 07:06:19'),(116,36,35,'hi\n','2015-11-05 07:06:32'),(117,36,35,'offline message\n','2015-11-05 07:08:30'),(118,36,35,'mes\n','2015-11-05 07:08:45'),(119,36,35,'fg\n','2015-11-05 07:10:44'),(120,36,35,'offline message\n','2015-11-05 07:17:56'),(121,21,5,'hi','2015-11-05 19:55:31'),(122,36,21,'hi\n','2015-11-05 19:57:02'),(123,36,21,'مرحبا','2015-11-05 19:57:23'),(124,36,0,'<div class=\'info text-info\'>Y block Street, Naya Shehar 35200, Pakistan</div>','2015-11-05 20:28:32'),(125,5,36,'<div class=\'time-block\'><div class=\"p-head padding\">Appointment</div><div class=\"apptime\"><div class=\"appdate\"><div class=\"app-img-row padding\"><div class=\"appdate_img floatleft\"></div><div class=\"app-time_img floatright\"></div><div class=\"clear\"></div></div><div class=\"app-date-row padding\"><div class=\"appdate_date floatleft\">12 Nov, 2015</div><div class=\"app-time_time floatright\">06:00</div><div class=\"clear\"></div></div></div><div class=\"p-action padding bordergrey\"><div class=\"textblue\">Accepted</div></div></div></div>','2015-11-05 20:31:28'),(126,3,5,'Hi','2015-11-05 21:14:09'),(127,3,5,'ما الأمر ؟ ','2015-11-05 21:14:38'),(128,5,3,'good','2015-11-05 21:14:53'),(129,8,36,'asdf\n','2015-11-06 16:06:59'),(130,8,36,'adsf\n','2015-11-06 16:07:03'),(131,8,36,'asdf\n','2015-11-06 16:07:05'),(132,8,36,'sdaf\n','2015-11-06 16:07:06'),(133,8,36,'aerwe\n','2015-11-06 16:07:07'),(134,8,36,'wer\n','2015-11-06 16:07:08'),(135,36,35,'<div class=\'time-block\'><div class=\"p-head padding\">Appointment</div><div class=\"apptime\"><div class=\"appdate\"><div class=\"app-img-row padding\"><div class=\"appdate_img floatleft\"></div><div class=\"app-time_img floatright\"></div><div class=\"clear\"></div></div><div class=\"app-date-row padding\"><div class=\"appdate_date floatleft\">13 Nov, 2015</div><div class=\"app-time_time floatright\">07:00</div><div class=\"clear\"></div></div></div><div class=\"p-action padding bordergrey\"><div class=\"textblue\">Accepted</div></div></div></div>','2015-11-06 17:50:27'),(136,36,35,'<div class=\'time-block\'><div class=\"p-head padding\">Appointment</div><div class=\"apptime\"><div class=\"appdate\"><div class=\"app-img-row padding\"><div class=\"appdate_img floatleft\"></div><div class=\"app-time_img floatright\"></div><div class=\"clear\"></div></div><div class=\"app-date-row padding\"><div class=\"appdate_date floatleft\">13 Nov, 2015</div><div class=\"app-time_time floatright\">07:00</div><div class=\"clear\"></div></div></div><div class=\"p-action padding bordergrey\"><div class=\"textblue\">Accepted</div></div></div></div>','2015-11-06 17:50:32'),(137,36,35,'<div class=\'time-block\'><div class=\"p-head padding\">Appointment</div><div class=\"apptime\"><div class=\"appdate\"><div class=\"app-img-row padding\"><div class=\"appdate_img floatleft\"></div><div class=\"app-time_img floatright\"></div><div class=\"clear\"></div></div><div class=\"app-date-row padding\"><div class=\"appdate_date floatleft\">13 Nov, 2015</div><div class=\"app-time_time floatright\">07:00</div><div class=\"clear\"></div></div></div><div class=\"p-action padding bordergrey\"><div class=\"textblue\">Accepted</div></div></div></div>','2015-11-06 17:50:55'),(138,35,36,'<div class=\'time-block\'><div class=\"p-head padding\">Appointment</div><div class=\"apptime\"><div class=\"appdate\"><div class=\"app-img-row padding\"><div class=\"appdate_img floatleft\"></div><div class=\"app-time_img floatright\"></div><div class=\"clear\"></div></div><div class=\"app-date-row padding\"><div class=\"appdate_date floatleft\">13 Nov, 2015</div><div class=\"app-time_time floatright\">07:00</div><div class=\"clear\"></div></div></div></div></div>','2015-11-06 17:53:06'),(139,36,35,'<div class=\'time-block activated\'><div class=\'p-head\'>Appointment</div><div class=\'apptime\'><span class=\'appdate\'>11-13-2015</span><span class=\'app-time floatright bluetext\'>17:00</span></div><div class=\'p-action\'>Completed</div></div>','2015-11-06 17:53:19'),(140,36,35,'<div class=\'time-block activated\'><div class=\'p-head\'>Appointment</div><div class=\'apptime\'><div class=\'appdate\'><div class=\'app-img-row padding\'><div class=\'appdate_img floatleft\'></div><div class=\'app-time_img floatright\'></div><div class=\'clear\'></div></div><div class=\'app-date-row padding\'><div class=\'appdate_date floatleft\'>11-13-2015</div><div class=\'app-time_time floatright\'>17:00</div><div class=\'clear\'></div></div></div></div><div class=\'p-action\'>Completed</div></div>','2015-11-06 18:01:06'),(141,36,5,'<div class=\'time-block activated\'><div class=\'p-head\'>Appointment</div><div class=\'apptime\'><div class=\'appdate\'><div class=\'app-img-row padding\'><div class=\'appdate_img floatleft\'></div><div class=\'app-time_img floatright\'></div><div class=\'clear\'></div></div><div class=\'app-date-row padding\'><div class=\'appdate_date floatleft\'>11-13-2015</div><div class=\'app-time_time floatright\'>17:00</div><div class=\'clear\'></div></div></div></div><div class=\'p-action\'>Completed</div></div>','2015-11-06 18:01:21'),(142,36,5,'<div class=\'time-block activated\'><div class=\'p-head\'>Appointment</div><div class=\'apptime\'><div class=\'appdate\'><div class=\'app-img-row padding\'><div class=\'appdate_img floatleft\'></div><div class=\'app-time_img floatright\'></div><div class=\'clear\'></div></div><div class=\'app-date-row padding\'><div class=\'appdate_date floatleft\'>11-12-2015</div><div class=\'app-time_time floatright\'>16:00</div><div class=\'clear\'></div></div></div></div><div class=\'p-action textred\'>Canceled</div></div>','2015-11-06 18:01:21'),(143,36,35,'<div class=\'time-block\'><div class=\"p-head padding\">Appointment</div><div class=\"apptime\"><div class=\"appdate\"><div class=\"app-img-row padding\"><div class=\"appdate_img floatleft\"></div><div class=\"app-time_img floatright\"></div><div class=\"clear\"></div></div><div class=\"app-date-row padding\"><div class=\"appdate_date floatleft\">6 Nov, 2015</div><div class=\"app-time_time floatright\">01:00</div><div class=\"clear\"></div></div></div><div class=\"p-action padding bordergrey\"><div class=\"textblue\">Accepted</div></div></div></div>','2015-11-06 18:08:41'),(144,36,35,'<div class=\'file-shared\'><a target=\'_blank\' href=\'shared/4.jpg\'>Download File</a></div>','2015-11-07 05:44:27'),(145,5,3,'hi\n','2015-11-07 09:33:47'),(146,5,3,'<div class=\'time-block\'><div class=\"p-head padding\">Appointment</div><div class=\"apptime\"><div class=\"appdate\"><div class=\"app-img-row padding\"><div class=\"appdate_img floatleft\"></div><div class=\"app-time_img floatright\"></div><div class=\"clear\"></div></div><div class=\"app-date-row padding\"><div class=\"appdate_date floatleft\">15 Nov, 2015</div><div class=\"app-time_time floatright\">08:00</div><div class=\"clear\"></div></div></div><div class=\"p-action padding bordergrey\"><div class=\"textblue\">Accepted</div></div></div></div>','2015-11-07 09:58:21'),(147,36,35,'hi\n','2015-11-07 10:57:34'),(148,5,3,'hi\n','2015-11-07 19:23:14'),(149,3,5,'How are you?','2015-11-07 19:23:38'),(150,5,3,'im good\n','2015-11-07 19:23:52'),(151,5,3,'<div class=\'file-shared\'><a target=\'_blank\' href=\'shared/iPhone_6_PLUS_preview_MG_1821.jpg\'>Download File</a></div>','2015-11-07 19:28:55'),(152,5,5,'hi\n','2015-11-07 21:13:38'),(153,5,5,'ghdhgkjd\n','2015-11-07 21:13:59'),(154,5,5,'ldjgdlkjg\n','2015-11-07 21:13:59'),(155,5,3,'hi\n','2015-11-08 19:47:34'),(156,3,5,'Hi','2015-11-08 19:47:53'),(157,3,5,'How are u?','2015-11-08 20:36:05'),(158,5,0,'<div class=\'location-info\'>1428 Polk St, San Francisco, CA 94109, USA</div>','2015-11-08 20:50:37'),(159,5,0,'<div class=\'location-info\'>1428 Polk St, San Francisco, CA 94109, USA</div>','2015-11-08 20:55:18'),(160,5,0,'<div class=\'location-info\'>1428 Polk St, San Francisco, CA 94109, USA</div>','2015-11-08 21:07:52'),(161,5,3,'hi\n','2015-11-09 20:11:10'),(162,5,3,'¿cómo estás?','2015-11-09 20:11:50'),(163,5,3,'КАК ТЫ?','2015-11-09 20:12:15'),(164,5,3,'حال شما چطور است ؟ ','2015-11-09 20:12:39'),(165,5,3,'<div class=\'location-info\'>1428 Polk St, San Francisco, CA 94109, USA</div>','2015-11-09 22:34:19'),(166,5,3,'hi\n','2015-11-09 22:39:49'),(167,3,5,'Hi','2015-11-09 22:40:05'),(168,3,5,'Hi','2015-11-10 01:20:42'),(169,5,3,'hi\n','2015-11-10 01:21:11'),(170,3,5,'Hi','2015-11-10 03:41:20'),(171,36,35,'Hi','2015-11-10 15:01:58'),(172,35,36,'hello\n','2015-11-10 15:02:08'),(173,36,35,'Ok','2015-11-10 15:02:31'),(174,35,36,'hello\n','2015-11-10 15:02:49'),(175,36,35,'Hi','2015-11-10 15:03:40'),(176,35,36,'jjo\n','2015-11-10 15:04:02'),(177,35,36,'kkkkooooo\n','2015-11-10 15:04:36'),(178,36,35,'Hoi','2015-11-10 15:04:53'),(179,35,36,'ji\n','2015-11-10 15:06:03'),(180,35,36,'hi\n','2015-11-10 17:30:55'),(181,36,35,'hello\n','2015-11-10 17:32:06'),(182,35,36,'hi\n','2015-11-10 17:33:49'),(183,35,36,'hi\n','2015-11-10 17:36:56'),(184,36,35,'Hi','2015-11-10 17:37:52'),(185,35,36,'ok\n','2015-11-10 17:38:00'),(186,35,36,'ji\n','2015-11-10 17:41:06'),(187,35,36,'ko\n','2015-11-10 17:44:00'),(188,35,36,'ji\n','2015-11-10 17:44:57'),(189,35,36,'ki\n','2015-11-10 17:45:05'),(190,35,36,'ko\n','2015-11-10 17:45:10'),(191,35,36,'lk\n','2015-11-10 17:45:13'),(192,35,36,'ko\n','2015-11-10 17:45:33'),(193,35,36,'jo\n','2015-11-10 17:46:20'),(194,35,36,'ji\n','2015-11-10 17:49:15'),(195,35,36,'ji\n','2015-11-10 17:49:27'),(196,35,36,'ji\n','2015-11-10 17:50:34'),(197,35,36,'kdf\n','2015-11-10 17:50:38'),(198,35,36,'ji\n','2015-11-10 18:03:28'),(199,36,35,'Hi','2015-11-10 18:04:04'),(200,36,35,'Hhg','2015-11-10 18:04:19'),(201,36,35,'Hi','2015-11-10 18:09:41'),(202,35,36,'ji\n','2015-11-10 18:09:49'),(203,35,36,'llll\n','2015-11-10 18:09:56'),(204,35,36,'jjjj\n','2015-11-10 18:10:05'),(205,35,36,'jkkk\n','2015-11-10 18:10:09'),(206,35,36,'nnnn\n','2015-11-10 18:10:21'),(207,35,36,'kkkk\n','2015-11-10 18:10:23'),(208,35,36,'kjkjjkk\n','2015-11-10 18:10:26'),(209,35,36,'nnnn\n','2015-11-10 18:10:28'),(210,35,36,'mmmm,\n','2015-11-10 18:10:31'),(211,35,36,'nnnn\n','2015-11-10 18:10:33'),(212,5,3,'hi\n','2015-11-10 19:27:17'),(213,5,3,'hi\n','2015-11-10 19:34:34'),(214,5,3,'how are you\n','2015-11-10 19:35:03'),(215,5,3,'hi','2015-11-10 19:35:33'),(216,3,5,'Hi','2015-11-10 19:35:39'),(217,5,3,'hi','2015-11-10 19:35:48'),(218,5,3,'hi\n','2015-11-10 19:36:11'),(219,3,5,'Hi','2015-11-10 19:36:21'),(220,5,3,'hi\n','2015-11-10 19:39:45'),(221,3,5,'Hi','2015-11-10 19:45:33'),(222,5,3,'hi','2015-11-10 19:45:39'),(223,5,3,'how are you?','2015-11-10 19:45:53'),(224,5,3,'كيف حالك ؟ ','2015-11-10 19:47:06'),(225,5,3,'hvad er dit navn?','2015-11-10 19:47:46'),(226,5,3,'hi\n','2015-11-10 19:49:14'),(227,5,3,'hi\n','2015-11-10 19:49:21'),(228,5,3,'how are you\n','2015-11-10 19:49:35'),(229,3,3,'Hi','2015-11-10 22:05:09'),(230,3,3,'سلام','2015-11-10 22:05:31'),(231,3,5,'Hi','2015-11-11 08:48:39'),(232,5,3,'hi\n','2015-11-11 08:48:52'),(233,3,5,'Hi','2015-11-11 08:49:08'),(234,5,3,'hi\n','2015-11-11 09:24:34'),(235,3,5,'Hi','2015-11-11 09:25:51'),(236,35,36,'hell\n','2015-11-11 12:22:23'),(237,36,35,'hi\n','2015-11-11 12:22:40'),(238,35,36,'scrolling\n','2015-11-11 12:22:51'),(239,5,3,'hi\n','2015-11-11 22:19:02'),(240,5,3,'hi\n','2015-11-11 22:19:27'),(241,3,5,'Hi','2015-11-11 22:19:38'),(242,3,5,'Hi','2015-11-11 22:19:47'),(243,5,3,'hi','2015-11-11 22:19:53'),(244,5,3,'<div class=\'time-block\'><div class=\"p-head padding\">Appointment</div><div class=\"apptime\"><div class=\"appdate\"><div class=\"app-img-row padding\"><div class=\"appdate_img floatleft\"></div><div class=\"app-time_img floatright\"></div><div class=\"clear\"></div></div><div class=\"app-date-row padding\"><div class=\"appdate_date floatleft\">18 Nov, 2015</div><div class=\"app-time_time floatright\">05:00</div><div class=\"clear\"></div></div></div><div class=\"p-action padding bordergrey\"><div class=\"textblue\">Accepted</div></div></div></div>','2015-11-11 22:20:29'),(245,5,3,'<div class=\'time-block activated\'><div class=\'p-head\'>Appointment</div><div class=\'apptime\'><div class=\'appdate\'><div class=\'app-img-row padding\'><div class=\'appdate_img floatleft\'></div><div class=\'app-time_img floatright\'></div><div class=\'clear\'></div></div><div class=\'app-date-row padding\'><div class=\'appdate_date floatleft\'>11-18-2015</div><div class=\'app-time_time floatright\'>5:00</div><div class=\'clear\'></div></div></div></div><div class=\'p-action textred\'>Canceled</div></div>','2015-11-11 22:21:06'),(246,36,35,'hi\n','2015-11-12 19:03:09'),(247,36,35,'ji\n','2015-11-12 19:05:18'),(248,36,35,'ji\n','2015-11-12 19:05:21'),(249,5,3,'hi\n','2015-11-12 19:28:14'),(250,3,5,'Hi','2015-11-12 19:28:36'),(251,5,3,'hi\n','2015-11-12 19:28:46'),(252,3,5,'Hi','2015-11-12 19:29:03'),(253,5,3,'hi\n','2015-11-12 19:29:08'),(254,5,3,'<div class=\'time-block\'><div class=\"p-head padding\">Appointment</div><div class=\"apptime\"><div class=\"appdate\"><div class=\"app-img-row padding\"><div class=\"appdate_img floatleft\"></div><div class=\"app-time_img floatright\"></div><div class=\"clear\"></div></div><div class=\"app-date-row padding\"><div class=\"appdate_date floatleft\">14 Nov, 2015</div><div class=\"app-time_time floatright\">06:00</div><div class=\"clear\"></div></div></div><div class=\"p-action padding bordergrey\"><div class=\"textblue\">Accepted</div></div></div></div>','2015-11-12 19:29:29'),(255,5,3,'<div class=\'time-block activated\'><div class=\'p-head\'>Appointment</div><div class=\'apptime\'><div class=\'appdate\'><div class=\'app-img-row padding\'><div class=\'appdate_img floatleft\'></div><div class=\'app-time_img floatright\'></div><div class=\'clear\'></div></div><div class=\'app-date-row padding\'><div class=\'appdate_date floatleft\'>11-15-2015</div><div class=\'app-time_time floatright\'>8:00</div><div class=\'clear\'></div></div></div></div><div class=\'p-action textred\'>Canceled</div></div>','2015-11-12 19:29:42'),(256,5,3,'cancelled','2015-11-12 19:30:02'),(257,5,3,'hi\n','2015-11-12 19:30:16'),(258,3,5,'Hi','2015-11-12 19:30:28'),(259,5,3,'how are u\n','2015-11-12 19:30:42'),(260,5,3,'<div class=\'time-block activated\'><div class=\'p-head\'>Appointment</div><div class=\'apptime\'><div class=\'appdate\'><div class=\'app-img-row padding\'><div class=\'appdate_img floatleft\'></div><div class=\'app-time_img floatright\'></div><div class=\'clear\'></div></div><div class=\'app-date-row padding\'><div class=\'appdate_date floatleft\'>11-15-2015</div><div class=\'app-time_time floatright\'>8:00</div><div class=\'clear\'></div></div></div></div><div class=\'p-action textred\'>Canceled</div></div>','2015-11-12 19:31:30'),(261,5,3,'<div class=\'time-block activated\'><div class=\'p-head\'>Appointment</div><div class=\'apptime\'><div class=\'appdate\'><div class=\'app-img-row padding\'><div class=\'appdate_img floatleft\'></div><div class=\'app-time_img floatright\'></div><div class=\'clear\'></div></div><div class=\'app-date-row padding\'><div class=\'appdate_date floatleft\'>11-14-2015</div><div class=\'app-time_time floatright\'>6:00</div><div class=\'clear\'></div></div></div></div><div class=\'p-action\'>Completed</div></div>','2015-11-12 19:31:30'),(262,3,5,'<div class=\'time-block\'><div class=\"p-head padding\">Appointment</div><div class=\"apptime\"><div class=\"appdate\"><div class=\"app-img-row padding\"><div class=\"appdate_img floatleft\"></div><div class=\"app-time_img floatright\"></div><div class=\"clear\"></div></div><div class=\"app-date-row padding\"><div class=\"appdate_date floatleft\">14 Nov, 2015</div><div class=\"app-time_time floatright\">06:00</div><div class=\"clear\"></div></div></div></div></div>','2015-11-12 19:32:05'),(263,5,3,'<div class=\'file-shared\'><a target=\'_blank\' href=\'shared/images.jpg\'>Download File</a></div>','2015-11-12 19:33:11'),(264,5,3,'hi\n','2015-11-12 19:49:29'),(265,3,5,'Hi','2015-11-12 19:49:48'),(266,36,35,'jjo\n','2015-11-12 19:53:09'),(267,5,5,'hi\n','2015-11-13 07:54:21'),(268,36,35,'hi\n','2015-11-13 11:03:49'),(269,36,35,'hello\n','2015-11-13 11:05:35'),(270,36,35,'jj\n','2015-11-13 11:06:20'),(271,36,35,'hii\n','2015-11-13 11:10:29'),(272,3,3,'Hi','2015-11-13 17:03:03'),(273,5,3,'hi\n','2015-11-14 08:30:52'),(274,5,3,'wie sind Sie?','2015-11-14 08:31:25'),(275,5,3,'嗨','2015-11-14 08:31:39'),(276,3,5,'I\'m good','2015-11-14 08:31:58'),(277,36,0,'<div class=\'location-info\'>Swami Nagar Rd, Lahore, Pakistan</div>','2015-11-14 17:31:41'),(278,36,0,'<div class=\'location-info\'>Swami Nagar Rd, Lahore, Pakistan</div>','2015-11-14 17:31:46'),(279,5,3,'Hola! ¿Cómo estás?','2015-11-15 01:54:39'),(280,3,5,'Ok','2015-11-15 01:54:45'),(281,5,3,'<div class=\'time-block\'><div class=\"p-head padding\">Appointment</div><div class=\"apptime\"><div class=\"appdate\"><div class=\"app-img-row padding\"><div class=\"appdate_img floatleft\"></div><div class=\"app-time_img floatright\"></div><div class=\"clear\"></div></div><div class=\"app-date-row padding\"><div class=\"appdate_date floatleft\">27 Nov, 2015</div><div class=\"app-time_time floatright\">06:00</div><div class=\"clear\"></div></div></div><div class=\"p-action padding bordergrey\"><div class=\"textblue\">Accepted</div></div></div></div>','2015-11-15 01:55:07'),(282,5,3,'<div class=\'time-block activated\'><div class=\'p-head\'>Appointment</div><div class=\'apptime\'><div class=\'appdate\'><div class=\'app-img-row padding\'><div class=\'appdate_img floatleft\'></div><div class=\'app-time_img floatright\'></div><div class=\'clear\'></div></div><div class=\'app-date-row padding\'><div class=\'appdate_date floatleft\'>11-27-2015</div><div class=\'app-time_time floatright\'>3:00</div><div class=\'clear\'></div></div></div></div><div class=\'p-action textred\'>Canceled</div></div>','2015-11-15 01:55:48'),(283,3,5,'Hi','2015-11-15 18:44:14'),(284,3,5,'Hi','2015-11-15 20:26:30'),(285,5,3,'How r u','2015-11-15 20:26:45'),(286,3,5,'I\'m good','2015-11-15 20:26:52'),(287,5,3,'Good','2015-11-15 20:27:04'),(288,3,5,'Hi','2015-11-15 21:09:37'),(289,3,5,'Hi','2015-11-15 21:13:32'),(290,36,37,'we\n','2015-11-16 08:20:10'),(291,3,5,'Hi','2015-11-16 08:49:35'),(292,5,3,'hi\n','2015-11-16 08:49:48'),(293,3,5,'How are you','2015-11-16 08:50:00'),(294,36,35,'jj\n','2015-11-16 20:38:56'),(295,36,35,'ff','2015-11-16 20:39:00'),(296,3,5,'Hi\n','2015-11-17 08:24:46'),(297,5,3,'hi\n','2015-11-17 08:25:18'),(298,3,5,'Hi\n','2015-11-17 16:49:50'),(299,3,5,'Hi\n','2015-11-17 16:50:00'),(300,3,5,'Hi','2015-11-17 16:50:27'),(301,3,5,'Hi','2015-11-17 16:50:32'),(302,3,5,'Hi','2015-11-17 17:00:13'),(303,3,5,'I\'m interested','2015-11-18 03:02:33'),(304,5,3,'Hi','2015-11-18 22:42:50'),(305,3,5,'Hi','2015-11-18 22:42:57'),(306,3,5,'Is it ipad?','2015-11-18 22:43:56'),(307,3,5,'It\'s not working with ipad.','2015-11-18 22:44:12'),(308,3,5,'Yes','2015-11-18 22:44:20'),(309,3,5,'Hi\n','2015-11-23 04:22:25'),(310,3,5,'Hi\n','2015-11-23 04:28:59'),(311,3,5,'How are you\n','2015-11-23 04:29:08'),(312,5,3,'Hi','2015-12-02 03:39:08'),(313,5,3,'Hi','2015-12-02 03:39:16'),(314,3,5,'No musty','2015-12-02 03:39:40'),(315,5,3,'سلام','2015-12-02 03:39:44'),(316,5,3,'どのよう','2015-12-02 03:40:13'),(317,3,5,'What\'s the come or stay','2015-12-02 03:41:27'),(318,35,36,'hello\n','2015-12-03 21:35:56'),(319,36,35,'oh i see\n','2015-12-03 21:42:29'),(320,35,36,'ok\n','2015-12-03 21:42:38'),(321,36,35,'esto es muy bueno\n','2015-12-03 21:42:44'),(322,36,35,'trans;te?\n','2015-12-03 21:42:55'),(323,36,35,'translate feauture?\n','2015-12-03 21:43:03'),(324,35,36,'¿qué significa eso?','2015-12-03 21:43:19'),(325,35,36,'first write the text, then do the translation\n','2015-12-03 21:43:40'),(326,35,36,'auto translation is off for now\n','2015-12-03 21:44:18'),(327,35,36,'this is very good\n','2015-12-03 21:44:56'),(328,35,36,'that was the meaning\n','2015-12-03 21:45:01'),(329,36,35,'ok\n','2015-12-03 21:45:13'),(330,36,35,'wow\n','2015-12-03 21:45:29'),(331,36,35,'impressive\n','2015-12-03 21:45:32'),(332,36,35,'me gusta esta charecteristica','2015-12-03 21:45:45'),(333,35,36,'I like this charecteristica\n','2015-12-03 21:46:34'),(334,35,36,'its not google translator, google was better, but it was not free. \n','2015-12-03 21:47:17'),(335,3,3,'Hi\n','2015-12-08 01:37:46'),(336,3,3,'How are you?','2015-12-08 01:38:02'),(337,5,15,'Hi','2015-12-19 06:10:17'),(338,15,5,'hi\n','2015-12-19 06:10:20'),(339,15,5,'how are you','2015-12-19 06:10:32');
/*!40000 ALTER TABLE `chat` ENABLE KEYS */;
UNLOCK TABLES;

--
-- Table structure for table `follows`
--

DROP TABLE IF EXISTS `follows`;
/*!40101 SET @saved_cs_client     = @@character_set_client */;
/*!40101 SET character_set_client = utf8 */;
CREATE TABLE `follows` (
  `id` bigint(20) unsigned NOT NULL AUTO_INCREMENT,
  `follower_type` varchar(100) NOT NULL,
  `follower` varchar(400) DEFAULT NULL,
  `following_type` varchar(100) NOT NULL,
  `following` varchar(400) DEFAULT NULL,
  PRIMARY KEY (`id`)
) ENGINE=InnoDB AUTO_INCREMENT=61 DEFAULT CHARSET=latin1;
/*!40101 SET character_set_client = @saved_cs_client */;

--
-- Dumping data for table `follows`
--

LOCK TABLES `follows` WRITE;
/*!40000 ALTER TABLE `follows` DISABLE KEYS */;
INSERT INTO `follows` VALUES (2,'personal','4','business','4'),(32,'personal','9','business','4'),(35,'personal','9','business','6'),(36,'personal',NULL,'personal','9'),(38,'personal','9','business','3'),(42,'personal','13','personal','3'),(43,'personal','16','business','4'),(44,'personal','17','business','4'),(45,'personal','17','business','2'),(46,'personal','17','personal','3'),(47,'personal','22','business','4'),(48,'personal','24','personal','25'),(51,'personal','3','business','4'),(53,'personal','25','business','4'),(54,'personal','25','business','2'),(55,'personal','25','personal','24'),(56,'personal','3','business','5'),(60,'personal','37','business','3');
/*!40000 ALTER TABLE `follows` ENABLE KEYS */;
UNLOCK TABLES;

--
-- Table structure for table `likedislike`
--

DROP TABLE IF EXISTS `likedislike`;
/*!40101 SET @saved_cs_client     = @@character_set_client */;
/*!40101 SET character_set_client = utf8 */;
CREATE TABLE `likedislike` (
  `id` int(11) NOT NULL AUTO_INCREMENT,
  `userId` int(11) DEFAULT '0',
  `cateType` varchar(50) DEFAULT '0',
  `cateId` int(11) DEFAULT '0',
  `likeDislike` int(11) DEFAULT '0',
  PRIMARY KEY (`id`)
) ENGINE=InnoDB AUTO_INCREMENT=78 DEFAULT CHARSET=latin1;
/*!40101 SET character_set_client = @saved_cs_client */;

--
-- Dumping data for table `likedislike`
--

LOCK TABLES `likedislike` WRITE;
/*!40000 ALTER TABLE `likedislike` DISABLE KEYS */;
INSERT INTO `likedislike` VALUES (1,9,'POST',10,1),(2,3,'POST',1,1),(3,3,'POST',6,1),(4,9,'POST',11,1),(5,17,'POST',6,1),(6,24,'POST',12,1),(7,3,'POST',18,-1),(8,3,'POST',19,1),(9,24,'POST',17,1),(10,25,'POST',22,1),(11,24,'POST',20,1),(12,24,'POST',28,1),(13,24,'POST',29,1),(14,25,'POST',33,-1),(15,25,'POST',34,1),(16,25,'POST',35,1),(17,25,'POST',36,1),(18,24,'POST',30,1),(19,24,'POST',31,1),(20,24,'POST',32,1),(21,3,'POST',37,1),(22,5,'POST',45,1),(23,3,'POST',47,1),(24,3,'POST',50,1),(25,3,'POST',41,1),(26,24,'POST',56,1),(27,3,'POST',77,1),(28,3,'POST',66,1),(29,3,'POST',83,1),(30,3,'POST',78,1),(31,3,'POST',96,1),(32,3,'POST',95,1),(33,3,'POST',94,1),(34,3,'POST',92,1),(35,25,'POST',106,-1),(36,3,'POST',110,-1),(37,3,'POST',109,1),(38,3,'POST',111,1),(39,3,'POST',107,1),(40,3,'POST',112,1),(41,3,'POST',108,1),(42,3,'POST',99,1),(43,3,'POST',98,1),(44,3,'POST',116,1),(45,3,'POST',97,1),(46,25,'POST',138,1),(47,25,'POST',133,-1),(48,24,'POST',130,1),(49,24,'POST',156,1),(50,3,'POST',155,1),(51,3,'POST',65,1),(52,3,'POST',154,1),(53,24,'POST',173,1),(54,24,'POST',175,-1),(55,24,'POST',178,1),(56,25,'POST',182,1),(57,3,'POST',195,-1),(58,3,'POST',194,1),(59,3,'POST',203,1),(60,3,'POST',187,1),(61,3,'POST',185,-1),(62,3,'POST',163,-1),(63,24,'POST',224,-1),(64,24,'POST',223,1),(65,24,'POST',203,-1),(66,24,'POST',195,-1),(67,24,'POST',222,-1),(68,3,'POST',235,-1),(69,3,'POST',238,1),(70,3,'POST',237,-1),(71,3,'POST',240,-1),(72,3,'POST',247,1),(73,3,'POST',183,-1),(74,3,'POST',241,-1),(75,24,'POST',264,-1),(76,33,'POST',268,-1),(77,3,'POST',270,1);
/*!40000 ALTER TABLE `likedislike` ENABLE KEYS */;
UNLOCK TABLES;

--
-- Table structure for table `posts`
--

DROP TABLE IF EXISTS `posts`;
/*!40101 SET @saved_cs_client     = @@character_set_client */;
/*!40101 SET character_set_client = utf8 */;
CREATE TABLE `posts` (
  `id` bigint(20) unsigned NOT NULL AUTO_INCREMENT,
  `owner` bigint(20) unsigned NOT NULL,
  `author` bigint(20) unsigned NOT NULL,
  `message` varchar(1000) DEFAULT NULL,
  `time` bigint(20) NOT NULL,
  `url` varchar(255) DEFAULT NULL,
  `image_name` varchar(250) NOT NULL,
  PRIMARY KEY (`id`)
) ENGINE=InnoDB AUTO_INCREMENT=284 DEFAULT CHARSET=latin1;
/*!40101 SET character_set_client = @saved_cs_client */;

--
-- Dumping data for table `posts`
--

LOCK TABLES `posts` WRITE;
/*!40000 ALTER TABLE `posts` DISABLE KEYS */;
INSERT INTO `posts` VALUES (6,5,6,'test wall post',0,NULL,''),(7,6,6,'test wall post',0,NULL,''),(8,9,9,'Hi',0,NULL,''),(9,9,9,'hello',2147483647,NULL,''),(10,9,9,'ye\r\n',1430917304946,NULL,''),(11,9,9,'hi',1431278081813,NULL,''),(14,24,24,'star,,',1441025690209,NULL,''),(16,24,24,'star star,,',1441026264953,NULL,''),(17,24,24,'suheel,,',1441026276890,NULL,''),(19,3,3,'its a bad day today!,,',1441041881454,NULL,''),(20,24,24,',,',1441258861582,NULL,''),(21,24,24,',,',1441258872803,NULL,''),(22,25,25,'hello this is for test.,,',1441348832339,NULL,''),(27,24,24,'sayeedstar,,',1441373507880,NULL,''),(28,24,24,'sayeedstar,,',1441402307890,NULL,''),(29,24,24,'Star Service,,',1442297785819,NULL,''),(30,24,24,',Url Test,',1442297852022,NULL,''),(31,24,24,',,File test',1442297873287,NULL,''),(32,24,24,'test,,',1442311852292,NULL,''),(33,25,25,'Hello test,,',1442312566074,NULL,''),(36,25,25,'this is test,,',1442321118607,NULL,''),(37,3,3,'Ohhh...,,',1442388440374,NULL,''),(38,3,3,'Hello...,,',1442394752759,NULL,''),(40,3,3,'test,,',1442401618524,NULL,''),(41,3,3,'test,,',1442401631333,NULL,''),(42,2,3,'sayeed Test,,',1442402051065,NULL,''),(44,2,3,'test,,',1442404924681,NULL,''),(46,5,5,',,',1442424465667,NULL,''),(48,2,3,'Hello,,',1442465128101,NULL,''),(49,2,3,'Test,,',1442465566925,NULL,''),(51,30,30,'test,,',1442631587034,NULL,''),(53,4,3,'Its a new startup,,',1442691739778,NULL,''),(54,4,3,'its a new startup,,',1442691755065,NULL,''),(56,24,24,',,test',1442811178030,NULL,''),(57,24,24,'Okay...,,',1442817598877,NULL,''),(59,24,24,'Yes...,,',1442817972638,NULL,''),(60,24,24,',Yes,',1442818165573,NULL,''),(61,24,24,',Url Test...,',1442819316482,'http://google.co.in/',''),(62,24,24,',Test,',1442834021535,'http://192.241.239.235/accounts/24',''),(63,24,24,',,Testi',1442839411912,'',''),(64,24,24,',,Testing...',1442841710849,'',''),(65,4,3,'this is the first post,,',1442876796783,'',''),(66,3,3,'hi,,',1442877432352,'',''),(77,3,3,'Hello test,,',1442919686203,'',''),(78,3,3,'this is for test,,',1442919947528,'',''),(79,3,3,'Testing,,',1442919960533,'',''),(80,3,3,'Hello Sir,,',1442919973746,'',''),(81,3,3,'Sir,,',1442920506280,'',''),(82,3,3,'Lorem ipsum dolor sit amet, et hinc cibo imperdiet quo, qui an tamquam ornatus, lorem appareat mei et. Cu ancillae vulputate abhorreant eos, nobis inimicus vituperata eu per, vix ullum appareat tractatos et. Ei vidit vitae tantas mea. Veri ullum posidonium ne vis, no vocibus rationibus ius. Ad falli consul putant pri, nullam timeam eu sit.\r\n\r\nEi cum alii graecis iudicabit, has dolores tacimates delicatissimi id, ea nec ludus corrumpit scribentur. Tamquam maluisset splendide eu per. Referrentur necessitatibus ius an, ne noster delectus electram pri, eu mea elit eripuit accumsan. Sit ne eius voluptatibus delicatissimi, legendos dissentiet vix id. Elit graece at nec.,,',1442924752741,'',''),(85,24,24,'Okay...,,',1442928295663,'',''),(86,24,24,'Ok,,',1442928937037,'',''),(87,24,24,'Okay...,,',1442929554189,'',''),(88,24,24,'What....,,',1442930005253,'',''),(89,3,3,'Hello Good morning,,',1442982377504,'',''),(90,3,3,',Test ,',1442982412455,'www.test.com',''),(91,24,24,'test,,',1443012838563,'',''),(92,24,24,'sayeed',1443015361838,'',''),(94,24,24,'restSDad',1443068483295,'',''),(95,24,24,'Sed ut perspiciatis unde omnis iste natus error sit voluptatem accusantium doloremque laudantium, totam rem aperiam, eaque ipsa quae ab illo inventore veritatis et quasi architecto beatae vitae dicta sunt explicabo. Nemo enim ipsam voluptatem quia voluptas sit aspernatur aut odit aut fugit, sed quia consequuntur magni dolores eos qui ratione voluptatem sequi nesciunt. Neque porro quisquam est, qui dolorem ipsum quia dolor sit amet, consectetur, adipisci velit, sed quia non numquam eius modi tempora incidunt ut labore et dolore magnam aliquam quaerat voluptatem. Ut enim ad minima veniam, quis nostrum exercitationem ullam corporis suscipit laboriosam, nisi ut aliquid ex ea commodi consequatur? Quis autem vel eum iure reprehenderit qui in ea voluptate velit esse quam nihil molestiae consequatur, vel illum qui dolorem eum fugiat quo voluptas nulla pariatur?',1443068544729,'',''),(96,3,3,'good morning all',1443068621240,'',''),(97,3,3,',tes',1443068719294,'www.facebook.com',''),(98,3,3,',Tes',1443068745301,'www.gmail.com',''),(99,3,3,'Good morning,good mornin',1443068803401,'www.gaana.com',''),(100,24,24,'test',1443069857215,'',''),(101,24,24,',Tes',1443069902612,'http://192.241.239.235/',''),(102,24,24,',szfds',1443071985413,'https://test.com/site/sign_up',''),(103,24,24,'sayeed,sayee',1443072010430,'https://test.com/site/sign_up',''),(104,24,24,',Test Onl',1443072029173,'https://test.com/site/sign_up',''),(105,24,24,'Test Only',1443072040460,'',''),(106,25,25,'hello',1443073840277,'',''),(107,3,3,'',1443074380993,'',''),(108,3,3,'',1443074598617,'http://test.com',''),(109,3,3,'this is for testing',1443074624389,'',''),(110,3,3,'',1443074637537,'',''),(111,3,3,',this is for testin',1443074691638,'http://test.com',''),(112,3,3,',this is testin',1443075120692,'www.google.com',''),(113,24,24,',Sayee',1443077269108,'https://test.com/site/sign_up',''),(114,24,24,'sayeedtest',1443077952124,'',''),(115,24,24,',tes',1443077992443,'https://test.com/site/sign_up',''),(117,24,24,'',1443099579135,'',''),(118,24,24,'test',1443155291586,'',''),(119,24,24,'test',1443155305762,'http://192.241.239.235/accounts/24',''),(120,24,24,'',1443155324605,'',''),(121,24,24,'',1443156814342,'',''),(122,24,24,'',1443156950283,'',''),(123,24,24,'',1443157259729,'',''),(124,24,24,'sdhgfshdf',1443157502134,'',''),(125,24,24,'test message....',1443157754506,'http://192.241.239.235/accounts/24',''),(127,24,24,'',1443158970406,'',''),(128,24,24,'',1443159105023,'',''),(129,24,24,'Test',1443160280228,'',''),(130,24,24,'Testing...',1443160299049,'',''),(133,25,25,'good morning.',1443162372034,'',''),(138,25,25,'Hello world',1443171446646,'',''),(139,25,25,'Hello',1443171674299,'www.google.com',''),(140,2,3,'hello',1443172052990,'',''),(154,3,3,'hello gud evening',1443188083319,'www.gmail.com',''),(155,3,3,'hello',1443188120041,'',''),(156,24,24,'Test Url...',1443413802929,'http://192.241.239.235/accounts/24',''),(157,24,24,'',1443431575938,'',''),(158,24,24,'',1443432629298,'',''),(159,24,24,'',1443432974668,'',''),(160,24,24,'',1443438819234,'',''),(161,24,24,'',1443439027780,'',''),(164,24,24,'Test....',1443441179245,'',''),(165,24,24,'',1443441620032,'',''),(166,24,24,'Okkkkkkkk',1443441962593,'',''),(167,24,24,'',1443442136812,'',''),(169,24,24,'testtttt',1443442652082,'',''),(174,24,24,'',1443443853423,'',''),(175,24,24,'zxcxzcxzczxc',1443444571739,'',''),(178,24,24,'',1443444770025,'',''),(179,24,24,'',1443444926341,'',''),(181,2,3,'Hello',1443446005375,'',''),(182,2,3,'Hello',1443446057555,'',''),(183,2,3,'Hello Sir',1443446080702,'',''),(187,3,3,'Hello Facebook',1443446239457,'www.facebook.com',''),(188,24,24,'Test',1443446434243,'www.facebook.com',''),(189,24,24,'Okay...',1443446527540,'https://www.facebook.com',''),(190,24,24,'test',1443446554703,'https://www.facebook.com',''),(191,24,24,'tttttt',1443446576341,'www.facebook.com',''),(192,24,24,'test...',1443446634590,'',''),(194,3,3,'Swet..',1443446987922,'www.facebook.com',''),(195,3,3,'Okayyyyyyyyyy',1443447026436,'www.facebook.com',''),(198,24,24,'hello',1443448259839,'',''),(199,24,24,'hello1',1443448279428,'http://192.241.239.235/accounts/24',''),(200,24,24,'',1443448338098,'',''),(201,24,24,'',1443448907910,'',''),(202,24,24,'ddddd',1443449161128,'http://192.241.239.235/accounts/24',''),(204,24,24,'',1443449400183,'',''),(205,24,24,'',1443449483203,'',''),(207,24,24,'',1443450585130,'',''),(208,24,24,'',1443452222531,'',''),(209,24,24,'',1443452843912,'',''),(210,24,24,'',1443453072173,'',''),(211,24,24,'',1443453545336,'',''),(212,24,24,'',1443454012337,'',''),(213,24,24,'',1443454125854,'',''),(214,24,24,'photo testing',1443454277346,'',''),(215,24,24,'photo testing 2',1443454596228,'',''),(216,24,24,'photo testing3',1443455413592,'',''),(217,24,24,'photo testing 4',1443455612086,'',''),(218,24,24,'photo testing 34',1443456234536,'',''),(220,24,24,'test',1443510528465,'','Samsung phone.jpg'),(221,24,24,'sadsad',1443511472546,'','Samsung phone.jpg'),(222,24,24,'zxscssadasdsad',1443516127431,'','Samsung phone.jpg'),(223,24,24,'photo testing8',1443516571999,'','Samsung phone.jpg'),(224,24,24,'szxdasda',1443518244363,'','Samsung phone.jpg'),(225,24,24,'sayeed star',1443612819386,NULL,'7869b81072c8881d88c62ee8e051b3d9.jpg'),(226,24,24,'sayeed test',1443612829677,'',''),(227,24,24,'test',1443612853781,'www.google.com',''),(228,24,24,'suheel',1443612874155,'',''),(229,24,24,'sayeed',1443612910499,'',''),(230,24,24,'sayeed star',1443613013953,'',''),(231,24,24,'sayeed',1443613025509,'www.google.com',''),(232,24,24,'zzxzX',1443613133547,NULL,'c89f763c6dcac09362944e27f0fc1eae.png'),(233,24,24,'zzxzX',1443613138199,NULL,'eed2523ed7df0052c0aeb13e5aafe6ff.png'),(234,24,24,'xdaD',1443613161014,NULL,'2446ee539c7a80239f1a6765c1743c5a.jpg'),(235,3,3,'hiiii',1443613170353,'',''),(236,3,3,'url post test',1443613232411,'http://finb.co',''),(237,3,3,'Checking photo vedio',1443613357520,NULL,'5b492d8506e70a4e46092a8e27732077.jpg'),(238,3,3,'Vedio Test',1443613554135,NULL,'0bd1b2efdfed9d8fd5df20d75e33727d.mp4'),(240,3,3,'hello',1443613973623,NULL,'c180dac74936e6942081aebff75e12c0.gif'),(242,3,3,'',1443617272190,NULL,'fc085fd8c57ef9b0a8aec4bd4f77bfc2.jpg'),(243,3,3,'test',1443617349971,'',''),(244,3,3,'test',1443617399156,'',''),(245,3,3,'sayeed',1443617472587,NULL,'fef746d84c8ac9037b66218552e91421.jpg'),(246,3,3,'test',1443617701466,NULL,'52975815b3e9a409c7c8ce09319a176b.jpg'),(247,3,3,'Test',1443617986676,NULL,'bc8b504b27766b5c74897636820b598a.jpg'),(248,24,24,'Sateee',1443618023497,NULL,'cf22d6e4cbc4c109a4e961fa4fe9b587.jpg'),(249,3,3,'test',1443620363113,NULL,'6398f05b5a7ea4552c8a38686fab5b10.jpg'),(250,3,3,'hello',1443621560716,'',''),(251,3,3,'Hello',1443621600685,'',''),(252,3,3,'hiiiiiiiiii',1443621626124,'',''),(253,3,3,'',1443621656273,NULL,'e9fb191f12aab92fbc9db977bd7cb073.gif'),(254,3,3,'hello',1443622199508,'',''),(255,3,3,'Hello hi',1443622402030,'',''),(256,3,3,'Hello',1443622633441,'',''),(257,3,3,'hii all',1443624300368,'',''),(258,3,3,'nothing',1443641865243,'cnn.com',''),(259,3,3,'',1443641889852,NULL,'d96e34db7ad50ac7d4db4545e661e975.jpg'),(260,3,3,'nothing',1443650354037,'http://www.livevbox.com/',''),(264,3,3,'',1443658425574,'http://cnn.com',''),(267,24,24,'test',1443673457471,'',''),(269,35,35,'Hi! how is life\r\n',1443770831244,'',''),(270,3,3,'',1443850254302,NULL,'c856e3075c54be9922bb7a853af30c88.jpg'),(271,35,35,'hello,',1444596794995,'',''),(272,35,35,'hello,',1444625595012,'',''),(275,3,3,'',1446756283729,'cnn.com',''),(277,36,36,'i am doing something',1448564527079,'',''),(278,36,36,'',1448564563856,'http://edition.cnn.com/specials/international-video-landing/feature-show-videos',''),(279,36,36,'',1448564632693,'cricinfo.ocm',''),(280,41,41,'',1449478364131,NULL,'60edac5c52f902ad34d352a1012c143b.JPG'),(281,41,41,'',1449507164138,NULL,'60edac5c52f902ad34d352a1012c143b.JPG'),(282,41,41,'',1449535964151,NULL,'60edac5c52f902ad34d352a1012c143b.JPG'),(283,41,41,'',1449564764156,NULL,'60edac5c52f902ad34d352a1012c143b.JPG');
/*!40000 ALTER TABLE `posts` ENABLE KEYS */;
UNLOCK TABLES;

--
-- Table structure for table `stores`
--

DROP TABLE IF EXISTS `stores`;
/*!40101 SET @saved_cs_client     = @@character_set_client */;
/*!40101 SET character_set_client = utf8 */;
CREATE TABLE `stores` (
  `id` bigint(20) unsigned NOT NULL AUTO_INCREMENT,
  `name` varchar(200) DEFAULT NULL,
  `business` bigint(20) DEFAULT NULL,
  `route_short` varchar(10) DEFAULT NULL,
  `route_long` varchar(100) DEFAULT NULL,
  `postal_code_short` varchar(10) DEFAULT NULL,
  `postal_code_long` varchar(100) DEFAULT NULL,
  `neighborhood_short` varchar(10) DEFAULT NULL,
  `neighborhood_long` varchar(100) DEFAULT NULL,
  `street_number_short` varchar(10) DEFAULT NULL,
  `street_number_long` varchar(100) DEFAULT NULL,
  `country_short` varchar(100) NOT NULL,
  `country_long` varchar(100) DEFAULT NULL,
  `locality_short` varchar(10) DEFAULT NULL,
  `locality_long` varchar(100) DEFAULT NULL,
  `administrative_area_level_1_short` varchar(10) DEFAULT NULL,
  `administrative_area_level_1_long` varchar(100) DEFAULT NULL,
  `administrative_area_level_2_short` varchar(10) DEFAULT NULL,
  `administrative_area_level_2_long` varchar(100) DEFAULT NULL,
  `formatted_address` varchar(300) DEFAULT NULL,
  `latitude` decimal(18,16) NOT NULL,
  `longitude` decimal(18,16) NOT NULL,
  `time_created` timestamp NOT NULL DEFAULT CURRENT_TIMESTAMP,
  PRIMARY KEY (`id`)
) ENGINE=InnoDB AUTO_INCREMENT=24 DEFAULT CHARSET=latin1;
/*!40101 SET character_set_client = @saved_cs_client */;

--
-- Dumping data for table `stores`
--

LOCK TABLES `stores` WRITE;
/*!40000 ALTER TABLE `stores` DISABLE KEYS */;
INSERT INTO `stores` VALUES (3,'Store3',3,NULL,NULL,NULL,NULL,NULL,NULL,NULL,NULL,'',NULL,NULL,NULL,NULL,NULL,NULL,NULL,NULL,12.3400000000000000,12.3500000000000000,'2015-03-21 22:11:01'),(4,'Store 1',5,'Geary St','Geary St','94102','94102','Lower Nob ','Lower Nob Hill','580','580','US','United States','SF','San Francisco','CA','California','San Franci','San Francisco County','580 Geary St, San Francisco, CA 94102, USA',37.7869422000000000,-99.9999999999999999,'0000-00-00 00:00:00'),(12,'Store 2',2,NULL,NULL,NULL,NULL,NULL,NULL,NULL,NULL,'US','United States','Chgo','Chicago','IL','Illinois','Cook Count','Cook County','Chicago, IL, USA',41.8781136000000000,-87.6297981999999800,'0000-00-00 00:00:00'),(14,'Store 1',2,NULL,NULL,NULL,NULL,NULL,NULL,NULL,NULL,'US','United States',NULL,NULL,'CA','California',NULL,NULL,'California, USA',36.7782610000000000,-99.9999999999999999,'0000-00-00 00:00:00'),(15,'Store 3',2,NULL,NULL,NULL,NULL,NULL,NULL,NULL,NULL,'US','United States','Los Altos','Los Altos','CA','California','Santa Clar','Santa Clara County','Los Altos, CA, USA',37.3852183000000000,-99.9999999999999999,'0000-00-00 00:00:00'),(16,'Manhattan store',4,'7th Ave','7th Avenue','10011','10011','Midtown','Midtown','150','150','US','United States','NY','New York','NY','New York','New York C','New York County','150 7th Ave, New York, NY 10011, USA',40.7416862000000000,-73.9974300999999700,'0000-00-00 00:00:00'),(20,'Manchester Road St Louis',4,'Manchester','Manchester Road',NULL,NULL,NULL,NULL,NULL,NULL,'US','United States','Ballwin','Ballwin','MO','Missouri',NULL,NULL,'Manchester Rd, Ballwin, MO, USA',38.5929229000000000,-90.5433330999999800,'0000-00-00 00:00:00'),(21,'Market Street',4,'Market St','Market Street','94102','94102','Tenderloin','Tenderloin','950','950','US','United States','SF','San Francisco','CA','California','San Franci','San Francisco County','950 Market St, San Francisco, CA 94102, USA',37.7831750000000000,-99.9999999999999999,'0000-00-00 00:00:00'),(22,'Dallas Store',4,'S Greenvil','South Greenville Avenue','75081','75081',NULL,NULL,'100','100','US','United States','Richardson','Richardson','TX','Texas','Dallas Cou','Dallas County','100 S Greenville Ave, Richardson, TX 75081, USA',32.9482410000000000,-96.7303809999999700,'0000-00-00 00:00:00'),(23,'Palo Alto',4,'Stanford S','Stanford Shopping Center','94304','94304',NULL,NULL,'660','660','US','United States','Palo Alto','Palo Alto','CA','California','Santa Clar','Santa Clara County','660 Stanford Shopping Center, Palo Alto, CA 94304, USA',37.4430322000000000,-99.9999999999999999,'0000-00-00 00:00:00');
/*!40000 ALTER TABLE `stores` ENABLE KEYS */;
UNLOCK TABLES;
/*!40103 SET TIME_ZONE=@OLD_TIME_ZONE */;

/*!40101 SET SQL_MODE=@OLD_SQL_MODE */;
/*!40014 SET FOREIGN_KEY_CHECKS=@OLD_FOREIGN_KEY_CHECKS */;
/*!40014 SET UNIQUE_CHECKS=@OLD_UNIQUE_CHECKS */;
/*!40101 SET CHARACTER_SET_CLIENT=@OLD_CHARACTER_SET_CLIENT */;
/*!40101 SET CHARACTER_SET_RESULTS=@OLD_CHARACTER_SET_RESULTS */;
/*!40101 SET COLLATION_CONNECTION=@OLD_COLLATION_CONNECTION */;
/*!40111 SET SQL_NOTES=@OLD_SQL_NOTES */;

-- Dump completed on 2015-12-19 18:50:55
